region,price,price per sq mtr,rooms,size,rent
Hyllie,2600000, 38235 ,3.0,68.0, 4118 
Ribersborg,3810000, 45904 ,3.0,83.0, 4221 
Ribersborg,2300000, 47917 ,2.0,48.0, 2847 
Västra Hamnen,2775000, 59043 ,2.0,47.0, 2552 
Rörsjöstaden,1600000, 43243 ,1.0,37.0, 2476 
Ribersborg,2795000, 45820 ,2.0,61.0, 3393 
Östra Sorgenfri/Nobel,1900000, 31614 ,2.0,60.1, 3708 
Västra Sorgenfri,1395000, 31705 ,1.5,44.0, 2682 
Rosengård,1040000, 13082 ,3.0,79.5, 5056 
Ellstorp,1240000, 26957 ,2.0,46.0, 3032 
Sorgenfri,1650000, 31429 ,2.0,52.5, 3157 
Borgmästaregården,2400000, 28571 ,3.0,84.0, 4662 
Borgmästaregården,2095000, 28311 ,3.0,74.0, 3913 
Rörsjöstaden,3400000, 45946 ,2.5,74.0, 3673 
Hyllie,2995000, 41310 ,3.0,72.5, 3957 
Heleneholm,1010000, 17235 ,2.0,58.6, 3238 
Limhamn,2695000, 44180 ,2.5,61.0, 3590 
Slottsstaden,3200000, 32821 ,3.0,97.5, 5798 
Högaholm,1100000, 13333 ,3.0,82.5, 3889 
Oxie,2250000, 19737 ,4.0,114.0, 6246 
Högaholm,1175000, 16319 ,3.0,72.0, 5036 
Hyllie,1650000, 35870 ,2.0,46.0, 2680 
Rörsjöstaden,3000000, 49180 ,2.0,61.0, 2931 
Limhamn,1360000, 37057 ,1.0,36.7, 2413 
Rosengård,870000, 12985 ,2.0,67.0, 4568 
Dockan,4000000, 61538 ,2.0,65.0, 3899 
Lönngården,870000, 18125 ,1.5,48.0, 2930 
City,3675000, 59274 ,2.0,62.0, 3515 
Slussen,2000000, 51282 ,2.0,39.0, 2398 
Söderkulla,1210000, 20167 ,2.0,60.0, 2751 
Slottsstaden,2050000, 38679 ,1.5,53.0, 3443 
Bunkeflostrand,1150000, 28750 ,1.0,40.0, 3216 
Pildammarna,1895000, 35093 ,2.0,54.0, 4146 
Davidshall,2150000, 58424 ,1.0,36.8, 2361 
Gamla Väster,4635000, 54529 ,3.5,85.0, 5614 
Nobeltorget,2320000, 29219 ,3.5,79.4, 3992 
Fågelbacken,3000000, 47923 ,3.0,62.6, 2819 
Pildammarna,2020000, 38697 ,2.0,52.2, 3152 
Södra Sofielund,850000, 13492 ,2.5,63.0, 4095 
Hyllie,2600000, 38235 ,3.0,68.0, 4118 
Ribersborg,3810000, 45904 ,3.0,83.0, 4221 
Ribersborg,2300000, 47917 ,2.0,48.0, 2847 
Västra Hamnen,2775000, 59043 ,2.0,47.0, 2552 
Rörsjöstaden,1600000, 43243 ,1.0,37.0, 2476 
Ribersborg,2795000, 45820 ,2.0,61.0, 3393 
Östra Sorgenfri/Nobel,1900000, 31614 ,2.0,60.1, 3708 
Västra Sorgenfri,1395000, 31705 ,1.5,44.0, 2682 
Rosengård,1040000, 13082 ,3.0,79.5, 5056 
Ellstorp,1240000, 26957 ,2.0,46.0, 3032 
Sorgenfri,1650000, 31429 ,2.0,52.5, 3157 
Borgmästaregården,2400000, 28571 ,3.0,84.0, 4662 
Borgmästaregården,2095000, 28311 ,3.0,74.0, 3913 
Rörsjöstaden,3400000, 45946 ,2.5,74.0, 3673 
Hyllie,2995000, 41310 ,3.0,72.5, 3957 
Heleneholm,1010000, 17235 ,2.0,58.6, 3238 
Limhamn,2695000, 44180 ,2.5,61.0, 3590 
Slottsstaden,3200000, 32821 ,3.0,97.5, 5798 
Högaholm,1100000, 13333 ,3.0,82.5, 3889 
Oxie,2250000, 19737 ,4.0,114.0, 6246 
Högaholm,1175000, 16319 ,3.0,72.0, 5036 
Hyllie,1650000, 35870 ,2.0,46.0, 2680 
Rörsjöstaden,3000000, 49180 ,2.0,61.0, 2931 
Limhamn,1360000, 37057 ,1.0,36.7, 2413 
Rosengård,870000, 12985 ,2.0,67.0, 4568 
Dockan,4000000, 61538 ,2.0,65.0, 3899 
Lönngården,870000, 18125 ,1.5,48.0, 2930 
City,3675000, 59274 ,2.0,62.0, 3515 
Slussen,2000000, 51282 ,2.0,39.0, 2398 
Söderkulla,1210000, 20167 ,2.0,60.0, 2751 
Slottsstaden,2050000, 38679 ,1.5,53.0, 3443 
Bunkeflostrand,1150000, 28750 ,1.0,40.0, 3216 
Pildammarna,1895000, 35093 ,2.0,54.0, 4146 
Davidshall,2150000, 58424 ,1.0,36.8, 2361 
Gamla Väster,4635000, 54529 ,3.5,85.0, 5614 
Nobeltorget,2320000, 29219 ,3.5,79.4, 3992 
Fågelbacken,3000000, 47923 ,3.0,62.6, 2819 
Pildammarna,2020000, 38697 ,2.0,52.2, 3152 
Södra Sofielund,850000, 13492 ,2.5,63.0, 4095 
Davidshall,5200000, 53061 ,4.0,98.0, 3889 
Ribersborg,2400000, 46154 ,2.0,52.0, 2560 
Västra Hamnen,2425000, 49490 ,2.0,49.0, 2956 
Möllevången,1960000, 27222 ,3.5,72.0, 3990 
Almhög,850000, 15596 ,2.0,54.5, 3532 
S:t Knut,1750000, 43750 ,1.0,40.0, 2498 
S:t Knut,1800000, 36000 ,2.5,50.0, 3150 
Hästhagen,2350000, 52106 ,2.0,45.1, 2654 
Limhamns Sjöstad,2800000, 43077 ,2.0,65.0, 3180 
Vita Höja,780000, 16250 ,1.0,48.0, 2627 
Röda Höja,2800000, 26291 ,5.0,106.5, 5020 
Triangeln,2050000, 39423 ,2.0,52.0, 3356 
Västra hamnen,2350000, 47000 ,1.5,50.0, 3002 
Rådmansvången,1950000, 39796 ,2.0,49.0, 3388 
Ellstorp,1500000, 29412 ,2.5,51.0, 3852 
Högaholm,1200000, 14724 ,3.0,81.5, 4281 
Pildammarna,1760000, 30877 ,2.0,57.0, 4158 
Lorensborg,2415000, 26393 ,3.0,91.5, 4709 
Slottsstaden,3525000, 46321 ,3.0,76.1, 4413 
Lindeborg,1295000, 21949 ,2.0,59.0, 5527 
Almhög,1095000, 15755 ,3.0,69.5, 4717 
Dockan,2595000, 50882 ,2.0,51.0, 3249 
Vita Höja,1700000, 20000 ,3.0,85.0, 4194 
Kalkbrottet,2400000, 43636 ,2.0,55.0, 2878 
Hyllie,2195000, 35403 ,2.0,62.0, 3509 
Almhög,925000, 13309 ,3.0,69.5, 4789 
Bunkeflostrand,1235000, 23750 ,2.0,52.0, 4063 
Gula Höja,1475000, 18323 ,3.0,80.5, 4625 
Slottsstaden,2685000, 44750 ,2.0,60.0, 2250 
Almhög,1000000, 12500 ,3.0,80.0, 4928 
Davidshallstorg,3300000, 95652 ,1.0,34.5, 2616 
Friluftsstaden,4900000,price not specified,4.0,89.0, 6245 
Limhamn,1900000, 36538 ,2.0,52.0, 2800 
Borgmästaregården,2100000, 25767 ,3.0,81.5, 4751 
Kirseberg,1200000, 26087 ,2.0,46.0, 2327 
Pildammarna,4900000, 46009 ,4.0,106.5, 5287 
Ribersborg,1710000, 41707 ,1.0,41.0, 3023 
Limhamn,1065000, 39154 ,1.0,27.2, 1888 
Dockan,3550000, 44937 ,3.0,79.0, 4418 
Östervärn,2730000, 34557 ,3.0,79.0, 4212 
Söderkulla,1805000, 20168 ,3.0,89.5, 5593 
Söderkulla,1820000, 21412 ,3.0,85.0, 4276 
Rörsjöstaden,2100000, 40000 ,2.0,52.5, 3090 
Kulladal,1870000, 21618 ,3.0,86.5, 4926 
Sorgenfri,1550000, 30392 ,2.0,51.0, 3039 
Ellstorp,1600000, 26230 ,2.5,61.0, 4363 
Nobeltorget,1050000, 42683 ,1.0,24.6, 1452 
Persborg,1200000, 16552 ,3.0,72.5, 3900 
Annelund,1420000, 29158 ,2.0,48.7, 2896 
Limhamns Sjöstad,2300000, 38983 ,2.0,59.0, 2962 
Högaholm,870000, 13594 ,2.0,64.0, 4598 
Rosengård,1100000, 13497 ,3.0,81.5, 5154 
Fågelbacken,3075000, 49121 ,3.0,62.6, 2819 
Östra Sorgenfri/nobel,1570000, 29074 ,2.0,54.0, 3931 
Hyllie,1500000, 42857 ,1.0,35.0, 2343 
Lorensborg,1400000, 20741 ,3.0,67.5, 3810 
Norra Sorgenfri,2100000, 38889 ,2.0,54.0, 3070 
Västra Hamnen,2595000, 41190 ,2.0,63.0, 3606 
Nobeltorget,1250000, 23148 ,2.0,54.0, 3708 
Fosiedal,1290000, 15926 ,3.0,81.0, 5589 
Högaholm,870000, 13594 ,2.0,64.0, 3998 
Rörsjöstaden,2700000, 36986 ,2.5,73.0, 3836 
Ribersborg,1895000, 49868 ,1.5,38.0, 2871 
Limhamns Sjöstad,3100000, 41892 ,3.0,74.0, 4062 
Dalaplan/Södervärn,1100000, 22917 ,1.5,48.0, 2409 
Ribersborg,4650000, 43056 ,4.0,108.0, 4810 
Drottningtorget,4250000, 59859 ,3.5,71.0, 3916 
Blekingsborg,695000, 29574 ,1.0,23.5, 2433 
Dalaplan,1950000, 29192 ,2.5,66.8, 3304 
Davidshall/Malmö Opera,8950000, 63028 ,4.0,142.0, 6783 
Hyllie,1495000, 43971 ,1.0,34.0, 2401 
Lindeborg,1575000, 25403 ,2.0,62.0, 3485 
Högaholm,1100000, 17188 ,2.0,64.0, 4561 
Midhem,1230000, 21391 ,2.5,57.5, 2933 
Hyllie,1800000, 40541 ,2.0,44.4, 2010 
Limhamn - Ön,3375000, 35340 ,3.0,95.5, 5632 
Rörsjöstaden,3800000, 40860 ,4.0,93.0, 5725 
Rosengård,730000, 12269 ,2.0,59.5, 3827 
Slottsstaden,3495000, 54609 ,3.0,64.0, 4029 
Dalaplan,765000, 31875 ,1.0,24.0, 1754 
Sorgenfri,1600000, 31683 ,2.0,50.5, 2886 
Borgmästaregården,2200000, 33588 ,2.0,65.5, 3875 
Bunkeflostrand,1800000, 32727 ,2.0,55.0, 3146 
Kirseberg/Midhem,1525000, 27232 ,2.5,56.0, 2437 
Borgmästaregården,2395000, 31513 ,3.0,76.0, 4401 
Östra Sorgenfri,1395000, 26321 ,2.0,53.0, 4464 
Limhamn,1650000, 27966 ,2.0,59.0, 3821 
City,4000000, 36697 ,5.0,109.0, 5747 
Slottsstaden,3140000, 48308 ,3.0,65.0, 4202 
Davidshall,8295000, 68554 ,4.0,121.0, 5546 
Kroksbäck,1715000, 20058 ,4.0,85.5, 4940 
City,4100000, 37273 ,4.0,110.0, 6044 
Borgmästaregården,2030000, 30992 ,2.0,65.5, 3847 
Segevång,1050000, 16667 ,2.0,63.0, 3403 
Kroksbäck,900000, 13433 ,2.0,67.0, 3895 
Västra Kattarp,950000, 15833 ,2.0,60.0, 3830 
Folkets Park,1265000, 34189 ,1.0,37.0, 2711 
Ribersborg,3400000, 45946 ,3.0,74.0, 3804 
Västra Hamnen,5450000, 62644 ,3.0,87.0, 4579 
Nydala,750000, 25424 ,1.0,29.5, 2023 
Erikslust,2250000, 38136 ,2.0,59.0, 3494 
Annestad,1823000, 26043 ,3.0,70.0, 5242 
Högaholm,1370000, 14124 ,4.0,97.0, 6225 
Dammfri,2800000, 33333 ,4.0,84.0, 5170 
Limhamn,2950000,price not specified,2.5,66.0, 3603 
S:t Knut,2690000, 48909 ,2.0,55.0, 3083 
Limhamn,2195000, 36583 ,2.0,60.0, 3376 
Slottsstaden,2690000, 48909 ,2.0,55.0, 3240 
Möllevången,2250000, 30822 ,2.0,73.0, 4078 
Nobeltorget,1650000, 32164 ,2.5,51.3, 2839 
Söderkulla,1095000, 15755 ,2.0,69.5, 4088 
Nobeltorget,1295000, 28778 ,2.0,45.0, 3089 
Persborg/västra Kattarp,900000, 17143 ,2.0,52.5, 3038 
Hyllie,3500000, 34314 ,4.0,102.0, 5591 
Dockan,2300000, 39655 ,2.0,58.0, 3528 
Dockan,2100000, 45652 ,2.0,46.0, 3117 
Ribersborg,2280000, 38000 ,2.0,60.0, 4093 
Borgmästaregården,3250000, 32500 ,4.0,100.0, 5690 
Håkanstorp,1150000, 20909 ,2.0,55.0, 3908 
Västra Dockan,1950000, 41489 ,2.0,47.0, 2697 
Bunkeflostrand,2150000, 26124 ,3.0,82.3, 5518 
Västra Hamnen,1875000, 42614 ,1.0,44.0, 2669 
Riseberga,3600000, 35294 ,4.0,102.0, 5702 
City,2495000, 38385 ,3.0,65.0, 3236 
Hästhagen,2350000, 52106 ,2.0,45.1, 2654 
Dockan,4850000, 62905 ,2.0,77.1, 4392 
Drottningtorget,2650000, 43443 ,2.0,61.0, 3694 
Triangeln/Rådmansvången,1450000, 47541 ,1.0,30.5, 1696 
Ribersborg,4100000, 45556 ,3.0,90.0, 4876 
Sorgenfri,1475000, 35119 ,1.5,42.0, 3368 
Johanneslust,4100000,price not specified,4.0,108.0, 4860 
Hyllie,1850000, 44048 ,2.0,42.0, 2585 
City,1850000, 52113 ,1.0,35.5, 2054 
Ribersborg,3850000, 41848 ,4.0,92.0, 5403 
Drottningtorget,2295000, 51000 ,2.0,45.0, 3076 
Limhamn,1500000, 25000 ,2.0,60.0, 4035 
Malmö,1000000, 17699 ,2.0,56.5, 3546 
Söderkulla,1630000, 18315 ,4.0,89.0, 4429 
Riseberga,3575000,price not specified,5.0,102.0, 5702 
Triangeln,2525000, 39453 ,2.5,64.0, 3055 
Östervärn,2440000, 34857 ,3.0,70.0, 3486 
Västra Hamnen,3180000, 42400 ,3.0,75.0, 3958 
Lönngården,795000, 18929 ,1.5,42.0, 2341 
Triangeln,4700000, 48454 ,4.0,97.0, 4594 
Hyllie,1700000, 33333 ,2.0,51.0, 3214 
Ribersborg,3000000, 49180 ,2.0,61.0, 3961 
Malmö,1090000, 45417 ,1.0,24.0, 1958 
Elinegård,1670000, 43947 ,1.0,38.0, 2320 
Nobeltorget,1720000, 26917 ,2.5,63.9, 3840 
City,1710000, 38864 ,1.5,44.0, 3242 
City,3295000, 48456 ,2.0,68.0, 3637 
Sorgenfri,1450000, 29000 ,2.0,50.0, 3029 
Dammfri,1720000, 30282 ,2.0,56.8, 3288 
Slottsstaden,2200000, 37288 ,2.0,59.0, 3396 
Kirseberg,745000, 20245 ,1.0,36.8, 2275 
Rosengård,1000000, 12579 ,3.0,79.5, 5342 
Borgmästaregården,1900000, 25676 ,3.0,74.0, 3913 
Söderkulla,1100000, 24719 ,1.0,44.5, 2481 
Vårsången,2200000,price not specified,5.0,133.0, 6933 
Lindeborg,2236000, 28304 ,3.0,79.0, 4201 
Limhamn,1700000, 32075 ,2.0,53.0, 3966 
Dammfri,2125000, 38288 ,2.0,55.5, 3230 
Gamla Väster,5600000, 58333 ,3.0,96.0, 5634 
Ribersborg,4250000, 52469 ,3.0,81.0, 3616 
Söderkulla,1880000, 24103 ,3.0,78.0, 4063 
Segevång,1188000, 21405 ,2.0,55.5, 3358 
Hyllievång,2075000, 44149 ,2.0,47.0, 2975 
Hyllie,2200000, 41509 ,2.0,53.0, 3077 
Lindeborg,1950000, 24841 ,3.0,78.5, 4278 
Rörsjöstaden,2800000, 36364 ,3.0,77.0, 3965 
Hyllie,3500000, 40046 ,4.0,87.4, 4190 
Rörsjöstaden,1100000, 40741 ,1.0,27.0, 2025 
Almhög,840000, 14867 ,2.0,56.5, 3921 
Östra Sorgenfri,900000, 17822 ,2.0,50.5, 3429 
Bulltofta,1995000, 26600 ,2.0,75.0, 4604 
Malmö,2305000, 39741 ,2.0,58.0, 3824 
Söderkulla,1125000, 17578 ,2.0,64.0, 3237 
Rörsjöstaden,1500000, 40541 ,2.0,37.0, 2613 
Pildammarna,2255000, 31671 ,3.0,71.2, 3089 
Almhög,860000, 15221 ,2.0,56.5, 3816 
Gamla Väster,4060000, 52727 ,3.0,77.0, 3430 
Almhög,1200000, 15000 ,3.0,80.0, 4928 
Ellstorp,1245000, 24900 ,2.0,50.0, 3677 
Limhamn,2300000, 42593 ,2.0,54.0, 2825 
Söderkulla,2600000, 23423 ,5.0,111.0, 5994 
Högaholm,650000, 13542 ,1.0,48.0, 2999 
Fågelbacken,1750000, 53030 ,1.0,33.0, 1647 
Hyllie,3000000, 44118 ,3.0,68.0, 4118 
Hyllie,1400000, 40000 ,1.0,35.0, 2343 
Hyllie,1650000, 41250 ,2.0,40.0, 2854 
Klagshamn,3350000, 30455 ,4.5,110.0, 6138 
Borgmästaregården,2200000, 33588 ,2.0,65.5, 3875 
City,2710000, 51132 ,2.0,53.0, 3467 
Nobeltorget/Annelund,1370000, 25370 ,2.0,54.0, 3708 
Drottningtorget,2850000, 37500 ,3.0,76.0, 3631 
Nobeltorget/Annelund,1440000, 32727 ,2.0,44.0, 3627 
Borgmästaregården,2000000, 30534 ,2.0,65.5, 3831 
Pildammarna,2240000, 33433 ,3.0,67.0, 4830 
Rörsjöstaden,1325000, 42742 ,1.0,31.0, 2084 
Dammfri,2300000, 38655 ,2.0,59.5, 3076 
Ellstorp,1500000, 27778 ,2.5,54.0, 2873 
S:T Knut,2050000, 51250 ,1.5,40.0, 2498 
Rådmansvången,3230000, 40375 ,3.0,80.0, 5326 
Limhamn - Ön,1900000, 45238 ,2.0,42.0, 2682 
Lönngården,820000, 17083 ,1.0,48.0, 2930 
Fosiedal,1100000, 18033 ,2.0,61.0, 3604 
Borgmästaregården,3250000, 29954 ,5.0,108.5, 6338 
City,4125000, 66532 ,2.0,62.0, 3515 
Nobeltorget,1925000, 36948 ,2.5,52.1, 2747 
Dockan,4700000, 57317 ,3.0,82.0, 3852 
Rörsjöstaden,3000000, 37500 ,3.0,80.0, 4742 
Limhamn,2525000, 28056 ,4.0,90.0, 5149 
Triangeln,1820000, 42326 ,1.5,43.0, 2368 
Möllevången,2000000, 35088 ,2.5,57.0, 3740 
Limhamn - Ön,2200000, 48889 ,2.0,45.0, 2828 
Lindeborg,1555000, 35747 ,2.0,43.5, 2668 
Slottsstaden,2470000, 43333 ,2.0,57.0, 3525 
Rörsjöstaden,2025000, 45000 ,2.0,45.0, 2933 
Västra Hamnen,4625000, 53779 ,4.0,86.0, 4512 
Södra Sofielund,597500, 15127 ,1.0,39.5, 3177 
Slottsstaden,2625000, 37500 ,3.0,70.0, 4314 
Lorensborg,1600000, 28070 ,2.0,57.0, 2993 
Oxie,2420000,price not specified,5.0,127.0, 7647 
Slussen,1675000, 37640 ,2.0,44.5, 2729 
Ribersborg,3150000, 38415 ,2.0,82.0, 4469 
Slottsstaden,1750000, 39773 ,1.5,44.0, 3042 
Ellstorp,1205000, 27386 ,2.0,44.0, 3271 
Almvik,1800000, 18557 ,4.0,97.0, 5296 
Södertorp,2300000, 27381 ,3.0,84.0, 4950 
Möllevången,2550000, 24286 ,4.0,105.0, 7735 
Dalaplan/Södervärn,1045000, 20291 ,2.0,51.5, 3142 
Värnhem,1625000, 23214 ,2.0,70.0, 4663 
Södervärn,1470000, 29167 ,2.0,50.4, 3482 
Kirseberg,1370000, 24035 ,2.0,57.0, 3013 
Erikslust-Rönneholm-Slottsstaden,2675000, 34076 ,3.0,78.5, 5467 
Davidshall,5000000, 58140 ,2.0,86.0, 4525 
Bunkeflostrand,4395000,price not specified,6.0,140.0, 6332 
Nobeltorget,1460000, 27547 ,2.0,53.0, 3601 
Triangeln,2475000, 40244 ,2.0,61.5, 3229 
Drottningtorget,4300000, 39778 ,5.0,108.1, 6247 
Slottsstaden,3400000, 41975 ,3.0,81.0, 4043 
Rörsjöstaden,3500000, 37634 ,3.0,93.0, 4965 
Limhamn - Ön,3100000, 35632 ,3.0,87.0, 4683 
Rörsjöstaden,2545000, 31037 ,3.5,82.0, 5510 
Västra Hamnen,2500000, 48077 ,2.0,52.0, 3282 
Slottsstaden,2020000, 39608 ,2.0,51.0, 2808 
Östra Sorgenfri,1330000, 22167 ,2.0,60.0, 3882 
Limhamn,1895000, 32119 ,3.0,59.0, 4095 
Dammfri,2950000, 43639 ,3.0,67.6, 4140 
Västra Hamnen,2495000, 60854 ,2.0,41.0, 2515 
Slottsstaden,2725000, 45417 ,2.0,60.0, 2429 
Husie,1700000, 22078 ,4.0,77.0, 3673 
Borgmästaregården,1560000, 33548 ,2.0,46.5, 2946 
Söderkulla,800000, 17978 ,1.0,44.5, 2481 
Oxie Kyrkby,1335000, 20227 ,2.0,66.0, 3068 
Erikslust,2510000, 38030 ,3.0,66.0, 3827 
Ribersborg,2450000, 46226 ,2.0,53.0, 3471 
Västra Hamnen,2400000, 47059 ,2.0,51.0, 2959 
Käglinge,2750000, 32353 ,3.0,85.0, 3499 
Drottningtorget,4250000, 43367 ,3.5,98.0, 5850 
Nydala/Eriksfält,1200000, 19512 ,2.0,61.5, 3650 
S:t Knut,2085000, 49761 ,2.0,41.9, 2152 
Dockan,2500000, 49020 ,2.0,51.0, 3249 
Malmö Live,4550000, 61486 ,2.0,74.0, 3752 
Lindeborg,1690000, 25802 ,2.0,65.5, 3621 
Västra Sorgenfri,2195000, 26933 ,3.0,81.5, 5590 
Lindeborg,2800000, 21790 ,5.0,128.5, 7040 
Rörsjöstaden,1500000, 24194 ,2.5,62.0, 4141 
Kirseberg,1095000, 19554 ,2.0,56.0, 4108 
Slottsstaden,2750000, 45833 ,2.0,60.0, 3260 
City,1975000, 33818 ,1.5,58.4, 2865 
Limhamn,3995000, 45398 ,3.0,88.0, 4487 
Dammfri,1540000, 27500 ,2.0,56.0, 3921 
Folkets Park,1525000, 30500 ,2.5,50.0, 3669 
Slottsstaden,2195000, 34841 ,3.0,63.0, 4701 
Ribersborg,4750000, 61688 ,3.0,77.0, 4110 
Söderkulla,1420000, 16512 ,3.0,86.0, 4841 
Högaholm,1200000, 18750 ,2.0,64.0, 3425 
Persborg/västra Kattarp,870000, 16571 ,2.0,52.5, 3038 
Limhamns Sjöstad,2700000, 45763 ,2.0,59.0, 2962 
Folkets Park,2075000, 34583 ,2.0,60.0, 4265 
Dalaplan,960000, 17877 ,2.0,53.7, 2971 
Limhamn,1780000, 34563 ,2.0,51.5, 3533 
Bulltofta,1900000, 25333 ,2.0,75.0, 4604 
Limhamn,1360000, 35789 ,1.0,38.0, 2829 
Lindeborg,1950000, 24841 ,3.0,78.5, 4126 
Nobeltorget,1280000, 34595 ,1.0,37.0, 2324 
Oxie,1940000,price not specified,4.0,119.0, 6598 
Västra Hamnen,3295000, 42244 ,2.0,78.0, 5185 
Ribersborg,2650000, 47321 ,2.0,56.0, 3451 
LIMHAMN/KALKBROTTET,4410000, 40833 ,3.0,108.0, 5240 
Nydala,585000, 30789 ,1.0,19.0, 1414 
Västra Hamnen,2550000, 45374 ,2.5,56.2, 4456 
Dalaplan,1350000, 24545 ,2.0,55.0, 4190 
Hästhagen,2075000, 41500 ,2.0,50.0, 3496 
Limhamn,1380000, 36316 ,1.5,38.0, 3115 
Slottsstaden,1920000, 33684 ,2.0,57.0, 3110 
Kirseberg,1250000, 20661 ,2.0,60.5, 4920 
Hindby,1285000, 17248 ,3.0,74.5, 4041 
Slottsstaden,2025000, 38208 ,2.0,53.0, 3512 
Dalaplan,1400000, 27778 ,2.0,50.4, 3482 
Limhamn,1710000, 32264 ,2.0,53.0, 3633 
Rosengård,870000, 10875 ,3.0,80.0, 5513 
Västra Hamnen,3800000, 50000 ,2.5,76.0, 4641 
Blekingsborg,1580000, 23235 ,3.0,68.0, 4957 
Lorensborg,1340000, 23717 ,2.0,56.5, 3170 
Almhög,820000, 14138 ,2.0,58.0, 3838 
Oxie,2200000,price not specified,5.0,124.0, 7697 
Gula Höja,880000, 20706 ,1.0,42.5, 2003 
Dockan,2450000, 45370 ,2.0,54.0, 3351 
City,3595000, 36313 ,3.0,99.0, 5439 
Södervärn,2220000, 29211 ,3.0,76.0, 4132 
Segevång,1010000, 16032 ,2.0,63.0, 3403 
City,4100000, 37615 ,4.0,109.0, 6673 
Blekingsborg,1520000, 20403 ,3.0,74.5, 5586 
S:t Knut,3100000, 37805 ,3.5,82.0, 4359 
Rörsjöstaden,1920000, 34909 ,2.0,55.0, 3360 
Drottningtorget,2300000, 54762 ,1.0,42.0, 1257 
Ribersborg,4600000, 45098 ,4.0,102.0, 4702 
Kirseberg,1300000, 22222 ,2.0,58.5, 4852 
Rörsjöstaden,2985000, 33167 ,3.0,90.0, 4499 
Hyllie,1830000, 43571 ,2.0,42.0, 2585 
Hyllie,1650000, 47143 ,2.0,35.0, 2214 
Slottsstaden,1650000, 42308 ,1.5,39.0, 2950 
Ellstorp,1800000, 25532 ,3.0,70.5, 3787 
Söderkulla,2100000, 16733 ,5.0,125.5, 7465 
Triangeln,1075000, 37719 ,1.0,28.5, 2234 
Ribersborg,2150000, 42157 ,2.0,51.0, 2756 
Ribersborg,3300000, 46479 ,3.0,71.0, 4275 
City,3410000, 34796 ,3.0,98.0, 5370 
Kryddgården / Rosengård,750000, 8929 ,4.0,84.0, 6504 
Limhamn,2095000, 38091 ,2.0,55.0, 2723 
Triangeln,3300000, 37931 ,2.0,87.0, 4520 
Östervärn,2220000, 37627 ,3.0,59.0, 3675 
Nobeltorget,1095000, 24886 ,2.0,44.0, 3414 
Davidshall,5195000, 64136 ,3.0,81.0, 4932 
Borgmästaregården,2295000, 28160 ,3.0,81.5, 4659 
Rörsjöstaden / Värnhem,3900000, 42530 ,4.0,91.7, 5310 
S:t Knut,1580000, 43889 ,1.5,36.0, 2007 
Högaholm,1525000, 18712 ,3.0,81.5, 3889 
Slussen,2775000, 33036 ,3.0,84.0, 4796 
Nobeltorget,2360000, 32778 ,2.5,72.0, 3152 
Malmö / Dockan,6500000, 56277 ,3.0,115.5, 6653 
Möllevången,1825000, 28295 ,2.0,64.5, 3576 
Folkets Park,2450000, 37121 ,2.0,66.0, 3236 
City,3865000, 51533 ,3.0,75.0, 4022 
Triangeln,2100000, 40385 ,2.0,52.0, 3415 
Västra Sorgenfri,1715000, 38111 ,2.0,45.0, 3949 
Drottningtorget,2855000, 38581 ,3.0,74.0, 4266 
Limhamns sjöstad,2950000, 37821 ,3.0,78.0, 4188 
Apelgården,905000, 11104 ,3.0,81.5, 5179 
Dalaplan,1180000, 31053 ,1.0,38.0, 2571 
Malmö Live,2650000, 72603 ,1.0,36.5, 1654 
Sorgenfri,1895000, 33839 ,2.5,56.0, 4218 
Östra Sorgenfri,1700000, 21384 ,3.0,79.5, 4550 
Ribersborg,4720000, 49684 ,4.0,95.0, 4849 
Folkets Park,2050000, 35965 ,2.0,57.0, 2727 
Klagshamn,2400000, 39344 ,2.0,61.0, 2350 
Möllevången,950000, 39583 ,1.0,24.0, 1392 
Möllevången,1250000, 33784 ,1.5,37.0, 2936 
Folkets Park,2475000, 36940 ,2.0,67.0, 3279 
Triangeln,900000, 32143 ,1.0,28.0, 2062 
Erikslust,1800000, 32432 ,2.0,55.5, 3230 
Lugnet,2000000, 32520 ,1.5,61.5, 4419 
Elinegård,3200000, 43243 ,3.0,74.0, 4379 
Rosengård,890000, 11195 ,3.0,79.5, 5292 
Hästhagen,3250000, 37572 ,3.0,86.5, 4995 
Oxie,1795000,price not specified,5.0,125.0, 6178 
Lönngården,750000, 22727 ,1.0,33.0, 1965 
Dammfri,2400000, 32000 ,3.0,75.0, 4662 
Västra Hamnen,2575000, 40234 ,2.0,64.0, 3947 
Fågelbacken,2050000, 33607 ,2.0,61.0, 3928 
Kroksbäck,1310000, 14475 ,3.0,90.5, 5381 
Gula Höja,2100000, 26087 ,3.0,80.5, 3319 
Limhamn,3600000, 64286 ,2.0,56.0, 1575 
Folkets Park,1980000, 47143 ,2.0,42.0, 2351 
Slottsstaden,1030000, 46818 ,1.0,22.0, 1420 
Hyllie,1450000, 41429 ,1.0,35.0, 2343 
Bulltofta,2850000, 33140 ,4.0,86.0, 5328 
Slottsstaden,1850000, 34259 ,2.0,54.0, 4193 
Nydala,1200000, 21239 ,2.0,56.5, 2479 
Röda Höja,1610000, 22676 ,2.0,71.0, 3170 
Folkets Park,1135000, 39138 ,2.0,29.0, 2061 
Limhamn - Ön,2425000, 36194 ,2.0,67.0, 4832 
Triangeln,2410000, 30506 ,2.0,79.0, 5528 
Folkets Park,1515000, 47344 ,2.0,32.0, 1871 
Erikslust,3250000, 38690 ,3.0,84.0, 4649 
Limhamn,1945000, 38137 ,2.0,51.0, 3061 
Rosengård,635000, 10410 ,2.0,61.0, 4724 
Bulltofta,2640000, 30000 ,4.0,88.0, 5792 
Ribersborg,2850000, 45968 ,2.0,62.0, 3443 
Rörsjöstaden,1095000, 40556 ,1.0,27.0, 2025 
Ribersborg,7900000, 41146 ,6.0,192.0, 9650 
Segevång,1400000, 21374 ,3.0,65.5, 3746 
Nobeltorget,1795000, 21118 ,3.0,85.0, 5362 
Folkets Park,2225000, 48370 ,2.0,46.0, 2575 
Sorgenfri - Nobel - Nobeltorget,1095000, 18250 ,2.0,60.0, 3938 
Folkets Park,1200000, 31579 ,1.5,38.0, 2691 
Ribersborg,4365000, 52590 ,4.0,83.0, 4020 
Söderkulla,1365000, 19640 ,3.0,69.5, 4168 
Västra Hamnen,3320000, 48824 ,3.0,68.0, 3653 
Slussen,3800000, 44186 ,4.0,86.0, 4071 
Borgmästaregården,2130000, 26135 ,3.0,81.5, 4802 
Drottningtorget,4800000, 43636 ,3.0,110.0, 5951 
Kroksbäck,1200000, 14035 ,3.0,85.5, 5004 
Rörsjöstaden,2700000, 32927 ,3.0,82.0, 5354 
Västra Hamnen,1620000, 52258 ,1.0,31.0, 2173 
Dammfri,1700000, 30357 ,2.0,56.0, 3998 
Segevång,1500000, 20979 ,3.0,71.5, 4458 
Sorgenfri,1410000, 23500 ,2.0,60.0, 3892 
Limhamns Sjöstad,4300000, 46739 ,4.0,92.0, 5352 
Limhamn,2550000, 36429 ,3.0,70.0, 4080 
Ellstorp,1330000, 28298 ,2.0,47.0, 3852 
Västra Hamnen,1900000, 40426 ,2.0,47.0, 2697 
S:t Knut,2600000, 37681 ,2.0,69.0, 4698 
Dammfri,2600000, 28571 ,4.0,91.0, 6335 
Davidshall/Malmö Opera,4050000, 49390 ,3.0,82.0, 4677 
Dockan,2395000, 44352 ,2.0,54.0, 3351 
Hästhagen,3010000, 54727 ,2.5,55.0, 3324 
Limhamn,2650000, 38686 ,3.0,68.5, 3487 
Husie,1405000, 23033 ,2.0,61.0, 3094 
Dalaplan,1430000, 31087 ,1.5,46.0, 2317 
Lönngården,900000, 17308 ,2.0,52.0, 4036 
Lorensborg,1910000, 25298 ,3.0,75.5, 3489 
S:t Knut,2085000, 49761 ,2.0,41.9, 2185 
Lugnet,2830000, 37237 ,3.0,76.0, 4621 
Östervärn,1305000, 34342 ,2.0,38.0, 2516 
Elinelund,1895000, 37157 ,2.0,51.0, 2893 
Lugnet,3700000, 32743 ,4.0,113.0, 5254 
Ribersborg,3700000, 50685 ,3.0,73.0, 4441 
Lorensborg,1410000, 24956 ,2.0,56.5, 3170 
Söderkulla,1900000, 21469 ,3.0,88.5, 4789 
Slussen,3360000, 28475 ,4.0,118.0, 5663 
Ribersborg,3160000, 41579 ,3.0,76.0, 3721 
Gamla Staden,5000000, 41667 ,4.0,120.0, 6414 
Malmö City,1975000, 47590 ,1.0,41.5, 2831 
Ribersborg,3350000, 54918 ,2.0,61.0, 3961 
Ribersborg,3230000, 56667 ,2.0,57.0, 3965 
Drottningtorget,2200000, 33333 ,2.5,66.0, 3835 
Värnhem,2950000, 29208 ,3.0,101.0, 4699 
Stadsteatern/Davidshall,4300000, 40952 ,3.0,105.0, 5581 
Slottsstaden,2000000, 36364 ,2.0,55.0, 3098 
Slottsstaden,3700000, 40929 ,3.0,90.4, 4168 
Limhamn,1895000, 35755 ,2.0,53.0, 3576 
Davidshall,3295000, 54917 ,2.0,60.0, 4138 
Ellstorp,1375000, 29255 ,2.0,47.0, 3677 
Söderkulla,1320000, 21290 ,3.0,62.0, 2877 
Nydala,1450000, 18354 ,3.0,79.0, 4252 
Rörsjöstaden,2110000, 34032 ,2.0,62.0, 4141 
City,2550000, 35417 ,2.0,72.0, 4669 
Rådmansvången,2300000, 39655 ,2.0,58.0, 4068 
S:t Knut / Möllevången,3300000, 41772 ,3.0,79.0, 3873 
Lönngården,1000000, 18868 ,2.0,53.0, 3555 
Drottningtorget,5700000, 45238 ,3.0,126.0, 3999 
Pildammarna,1695000, 32596 ,2.0,52.0, 2481 
Kirseberg,720000, 34286 ,1.0,21.0, 1397 
Oxie,1900000, 22353 ,3.0,85.0, 4964 
Limhamn,2800000, 41791 ,3.0,67.0, 3807 
Lorensborg,1770000, 34369 ,2.0,51.5, 2461 
Gula Höja,1600000, 19876 ,3.0,80.5, 4625 
Limhamn,1750000, 29167 ,2.0,60.0, 4036 
Gamla Väster,5400000, 49091 ,4.0,110.0, 5720 
Kirseberg,1325000, 25728 ,2.0,51.5, 3900 
Fågelbacken/Slottstaden/Hästhagen,2025000, 42188 ,2.0,48.0, 3362 
Hyllie,4000000, 38462 ,4.0,104.0, 5658 
Hyllie,2800000, 42424 ,3.0,66.0, 4063 
Almvik,1145000, 13963 ,3.0,82.0, 5584 
Hyllie,2500000, 41667 ,2.0,60.0, 2927 
Limhamns Sjöstad,2350000, 34559 ,2.0,68.0, 3471 
Davidshall,3150000, 60000 ,2.0,52.5, 3420 
S:t Knut / Sankt Knut,2700000, 46552 ,2.0,58.0, 3243 
Segevång,1050000, 16031 ,3.0,65.5, 3746 
Almhög,810000, 14862 ,2.0,54.5, 3532 
Pildammarna,2250000, 28481 ,3.0,79.0, 5472 
Högaholm,1120000, 17500 ,2.0,64.0, 3998 
Möllevången,1500000, 37500 ,2.0,40.0, 3181 
Husie,845000, 16900 ,2.0,50.0, 4748 
Hyllie,2700000, 40909 ,3.0,66.0, 4063 
Kalkbrottet,3100000, 37805 ,3.0,82.0, 3822 
Kristineberg,2940000,price not specified,5.0,121.0, 5989 
Söderkulla,2100000, 22105 ,4.0,95.0, 4804 
Rådmansvången,4400000, 48889 ,3.0,90.0, 4424 
Hyllie,2895000, 38600 ,3.0,75.0, 3995 
Fågelbacken,2400000, 48000 ,2.0,50.0, 2389 
Rådmansvången,2550000, 43966 ,2.0,58.0, 4068 
HÖGAHOLM,1240000, 15215 ,3.0,81.5, 4229 
Hästhagen,2150000, 43000 ,2.0,50.0, 3402 
City,4300000, 55844 ,3.0,77.0, 4950 
Erikslust,1250000, 34722 ,1.0,36.0, 2847 
Gyllins Trädgård,2001000, 23821 ,3.0,84.0, 4936 
Klagshamn,2700000, 33333 ,3.0,81.0, 4482 
Hindby,2300000,price not specified,5.0,127.0, 8544 
Högaholm / Almvik,1675000, 17268 ,4.0,97.0, 6172 
Almvik,1240000, 16533 ,3.0,75.0, 4829 
Värnhem,2395000, 23713 ,4.0,101.0, 6788 
Persborg/västra Kattarp,1020000, 18214 ,2.0,56.0, 3881 
Söderkulla,1900000, 21469 ,3.0,88.5, 4789 
Triangeln,5425000, 53186 ,4.0,102.0, 4961 
Hyllie,2500000, 37879 ,3.0,66.0, 4063 
Hyllie,2600000, 39394 ,3.0,66.0, 4063 
Hyllie,1800000, 35294 ,2.0,51.0, 3224 
Hyllie,1700000, 42500 ,2.0,40.0, 2854 
Slussen,2550000, 37778 ,3.0,67.5, 3811 
Södertorp,2550000, 28977 ,3.0,88.0, 5271 
Nydala,610000, 32105 ,1.0,19.0, 1404 
Möllevången,2000000, 32787 ,2.0,61.0, 2872 
Hyllie,2575000, 37319 ,3.0,69.0, 3479 
Friluftstaden,5100000,price not specified,5.0,119.0, 7496 
Värnhem,1460000, 32444 ,2.0,45.0, 2928 
Pildammarna,2500000, 35211 ,3.0,71.0, 4148 
Segevång,877000, 16865 ,2.0,52.0, 2944 
Slottsstaden,1950000, 48750 ,2.0,40.0, 2694 
Slottsstaden,4100000, 39423 ,4.0,104.0, 5792 
Dammfri,2185000, 37350 ,2.0,58.5, 3979 
Nobel,1860000, 34191 ,2.0,54.4, 2929 
Ellstorp,1390000, 27255 ,2.0,51.0, 3852 
Slottsstaden,2950000, 35119 ,3.0,84.0, 4649 
Limhamns sjöstad,3725000, 41854 ,3.0,89.0, 4083 
Gyllins trädgård - Husie,3950000,price not specified,4.0,127.0, 6382 
Rörsjöstaden,5200000, 50000 ,4.0,104.0, 5211 
Davidshallstorg,4600000, 51685 ,3.0,89.0, 4535 
Pildammarna,845000, 46944 ,1.0,18.0, 1594 
Kirseberg,700000, 19444 ,1.0,36.0, 2908 
Borgmästaregården,2390000, 27630 ,3.0,86.5, 4307 
Dockan,4995000, 53138 ,3.0,94.0, 4873 
Hyllie,2650000, 32716 ,3.0,81.0, 4565 
Rosengård,970000, 12125 ,3.0,80.0, 5479 
Söderkulla,1350000, 15084 ,3.0,89.5, 5455 
Ellstorp,1195000, 27159 ,2.0,44.0, 3270 
Ribersborg,2300000, 58974 ,1.5,39.0, 2451 
Möllevången,3320000, 43117 ,3.0,77.0, 3931 
Lorensborg,1555000, 27281 ,2.0,57.0, 2993 
Husie,2335000, 25243 ,4.0,92.5, 5775 
Limhamn,3160000, 40513 ,3.0,78.0, 4504 
Ellstorp,1320000, 24444 ,2.0,54.0, 2933 
Rådmansvången,1995000, 60455 ,1.0,33.0, 1833 
Lindeborg,1470000, 22791 ,2.0,64.5, 3503 
Slussen,2460000, 41000 ,2.0,60.0, 2372 
Dammfri,1850000, 31356 ,2.0,59.0, 3898 
Slottsstaden -Erikslust- Rönneholm,2265000, 38390 ,2.0,59.0, 4284 
Gullvik,1150000, 14110 ,3.0,81.5, 4049 
Möllevången,1525000, 38125 ,2.0,40.0, 3127 
Lönngården,900000, 17476 ,2.0,51.5, 4011 
Erikslust,2055000, 38774 ,2.0,53.0, 2992 
Lugnet,2550000, 28977 ,3.0,88.0, 4371 
Söderkulla,1900000, 22892 ,3.0,83.0, 4283 
Slussen,2550000, 34459 ,3.0,74.0, 4851 
Triangeln,4525000, 50278 ,3.0,90.0, 4424 
Hästhagen,2025000, 39706 ,2.0,51.0, 3448 
Slottsstaden,2375000, 36994 ,2.5,64.2, 2891 
Slottsstaden,4200000, 48276 ,3.0,87.0, 4450 
Triangeln,2200000, 32836 ,2.0,67.0, 3340 
Norra Sorgenfri,4275000, 38170 ,5.0,112.0, 5374 
Västra Hamnen,4000000, 47619 ,3.0,84.0, 4866 
Dammfri,1695000, 29737 ,2.0,57.0, 2800 
Röda Höja,1750000, 20468 ,3.0,85.5, 4170 
Slottstaden,1535000, 43857 ,1.0,35.0, 2415 
Slottsstaden,2100000, 38889 ,2.0,54.0, 3781 
Slottsstaden,3250000, 43624 ,3.0,74.5, 4213 
Ellstorp,1395000, 25833 ,2.0,54.0, 4097 
Nobeltorget,1370000, 27400 ,2.0,50.0, 3332 
Slottsstaden,3310000, 46554 ,3.0,71.1, 2981 
Östra Sorgenfri,1500000, 30000 ,2.0,50.0, 3029 
Husie - Kvarnby,2450000,price not specified,4.0,97.0, 7243 
Västra Sorgenfri,1400000, 33413 ,1.5,41.9, 3435 
Folkets Park,1595000, 33936 ,2.0,47.0, 3341 
Folkets Park,1550000, 39744 ,2.0,39.0, 3081 
Södertorp,1975000, 22443 ,3.0,88.0, 5271 
Hyllie,3325000, 36538 ,4.0,91.0, 4693 
Västra Hamnen,2395000, 35746 ,1.0,67.0, 4129 
Limhamn,1650000, 43421 ,2.0,38.0, 2320 
Slussen,3700000, 48052 ,3.0,77.0, 3763 
Västra Sorgenfri,1130000, 36452 ,1.0,31.0, 2979 
Limhamn - Ön,4135000, 53013 ,3.0,78.0, 3935 
Högaholm,770000, 12031 ,2.0,64.0, 4598 
Solbacken,3995000,price not specified,4.0,109.5, 6737 
Högaholm,1060000, 12927 ,3.0,82.0, 5369 
Lönngården,895000, 16760 ,2.0,53.4, 3688 
Slottsstaden,2525000, 44298 ,2.0,57.0, 2586 
Malmö Lönngården,700000, 21212 ,1.0,33.0, 1482 
Hyllie,2100000, 42000 ,2.0,50.0, 2867 
Rörsjöstaden,1750000, 47297 ,2.0,37.0, 1657 
Bulltofta Friluftsstad,1610000, 29815 ,2.0,54.0, 3413 
Östra Sorgenfri,1530000, 23182 ,3.0,66.0, 4250 
Drottningtorget,4950000, 36940 ,4.0,134.0, 9160 
S:t Knut,1095000, 49773 ,1.0,22.0, 1611 
Möllevången,3310000, 34124 ,4.0,97.0, 4964 
Söderkulla,1725000, 16587 ,4.0,104.0, 5455 
Norra Sofielund,1070000, 32424 ,1.5,33.0, 2127 
Lindeborg,3300000,price not specified,5.0,138.0, 6881 
Möllevången,2240000, 32941 ,2.0,68.0, 4433 
Ellstorp,1315000, 24811 ,2.0,53.0, 3800 
Dammfri,1135000, 45400 ,1.0,25.0, 2115 
Ribersborg,1900000, 31148 ,2.0,61.0, 4079 
Almvik,1935000, 25800 ,3.0,75.0, 5547 
Folkets Park,1650000, 35106 ,2.0,47.0, 2838 
S:t Knut,2920000, 33953 ,3.0,86.0, 4741 
Lugnet,2950000, 31720 ,3.0,93.0, 5751 
Sorgenfri,1525000, 29327 ,2.0,52.0, 3004 
Lindeborg,2800000, 28718 ,4.0,97.5, 6852 
Davidshall,3095000, 40195 ,3.0,77.0, 4241 
Folkets Park,2325000, 35121 ,2.5,66.2, 3630 
Söderkulla,1795000, 20872 ,3.0,86.0, 4940 
Rosengård,850000, 13821 ,2.0,61.5, 4280 
Värnhem,1560000, 27857 ,2.5,56.0, 3760 
Nobel,1530000, 36170 ,2.0,42.3, 2254 
Erikslust,1850000, 31356 ,2.0,59.0, 3431 
Rosengård,695000, 8274 ,3.0,84.0, 6505 
Lugnet,3250000, 34946 ,3.0,93.0, 5751 
Almhög,1220000, 16053 ,3.0,76.0, 5042 
Limhamn,2250000, 30780 ,3.0,73.1, 5251 
Segevång,895000, 16422 ,2.0,54.5, 3176 
Ellstorp,1100000, 25287 ,2.0,43.5, 3160 
Slussen,1950000, 28676 ,3.0,68.0, 4489 
Nobeltorget,1245000, 30366 ,2.0,41.0, 2731 
Rörsjöstaden,1565000, 35568 ,1.0,44.0, 3040 
Slottsstaden,2200000, 41509 ,2.0,53.0, 2992 
Limhamns Sjöstad,3420000, 49565 ,2.0,69.0, 2635 
Södervärn,1240000, 28837 ,2.0,43.0, 2876 
Östra Sorgenfri/nobel,1400000, 23333 ,2.0,60.0, 3882 
Borgmästaregården,2325000, 30592 ,3.0,76.0, 4441 
Limhamn,4795000, 57083 ,3.0,84.0, 2362 
Slottsstaden,1650000, 45833 ,2.0,36.0, 2502 
Västra Hamnen,3300000, 46479 ,3.0,71.0, 3784 
Drottningtorget,2750000, 42969 ,2.0,64.0, 3538 
Hyllie,1795000, 37396 ,2.0,48.0, 2999 
Rådmansvången,2615000, 42177 ,2.0,62.0, 3230 
Västra Hamnen,3350000, 39881 ,4.0,84.0, 5178 
Söderkulla,1600000, 17877 ,4.0,89.5, 5551 
Södertorp,2520000, 29822 ,3.5,84.5, 5019 
Fosiedal,1095000, 13519 ,3.0,81.0, 4904 
Hyllie,3115000, 35805 ,4.0,87.0, 4847 
S:t Knut,1900000, 47500 ,1.0,40.0, 2498 
Gamla Väster,2695000, 50849 ,2.0,53.0, 4652 
Håkanstorp,1915000, 26054 ,3.0,73.5, 3728 
Söderkulla,1780000, 21975 ,3.0,81.0, 4152 
Lindeborg,875000, 32407 ,1.0,27.0, 1714 
Sofielund,1700000, 30909 ,2.0,55.0, 3439 
Dammfri,2100000, 35117 ,2.0,59.8, 2713 
Slottsstaden,2150000, 44792 ,2.0,48.0, 3153 
Nobeltorget/Annelund,1550000, 29808 ,2.0,52.0, 2954 
Högaholm,800000, 16667 ,1.0,48.0, 2940 
Västra Hamnen,2900000, 47154 ,2.0,61.5, 3597 
Kirseberg,1275000, 22368 ,2.0,57.0, 4221 
Ellstorp,1550000, 30392 ,2.0,51.0, 2778 
Hyllie,1895000, 36095 ,2.0,52.5, 3157 
Rörsjöstaden,2795000, 40507 ,3.0,69.0, 3986 
Fågelbacken,2620000, 39104 ,2.0,67.0, 3382 
Klagshamn,2800000,price not specified,4.0,101.0, 6443 
Hästhagen,2025000, 36818 ,2.0,55.0, 3730 
Triangeln,1650000, 31731 ,2.0,52.0, 3778 
Ellstorp,1340000, 26800 ,2.0,50.0, 3629 
Nobeltorget / Sorgenfri,795000, 35333 ,1.0,22.5, 1810 
Borgmästaregården,1760000, 27500 ,2.0,64.0, 3967 
Söderkulla,945000, 24868 ,2.0,38.0, 2200 
Nobeltorget,1225000, 20417 ,2.0,60.0, 4120 
Almvik,1500000, 20000 ,3.0,75.0, 5547 
Limhamn,6400000, 58182 ,4.0,110.0, 3938 
Almvik,1700000, 22667 ,3.0,75.0, 5547 
Rörsjöstaden,1400000, 29787 ,1.0,47.0, 3159 
Folkets Park,1420000, 40571 ,2.0,35.0, 2488 
Limhamn/Ön,3300000, 34375 ,3.0,96.0, 4391 
Västra Hamnen,3575000, 45833 ,3.0,78.0, 4810 
Rörsjöstaden,6250000, 44964 ,5.0,139.0, 5279 
Vita Höja,1325000, 20385 ,2.0,65.0, 3777 
Ribersborg,3200000, 66667 ,2.0,48.0, 2725 
Segevång,1140000, 17405 ,3.0,65.5, 4113 
S:t Knut,2700000, 42188 ,2.0,64.0, 3953 
Folkets Park,1200000, 44444 ,1.0,27.0, 2130 
Nobeltorget,1795000, 32636 ,2.0,55.0, 2998 
Högaholm,1600000, 19394 ,3.0,82.5, 3848 
Blekingsborg,2110000, 16420 ,7.0,128.5, 7934 
Möllevången,1475000, 30729 ,2.0,48.0, 3459 
Davidshall/Malmö Opera,2900000, 58000 ,2.0,50.0, 2687 
City,4075000, 49096 ,3.0,83.0, 4928 
Davidshall,8900000, 59732 ,5.0,149.0, 7964 
Bunkeflostrand,2095000, 25394 ,3.0,82.5, 5564 
Segevång,1250000, 17857 ,2.0,70.0, 3843 
Limhamn,4900000, 39200 ,4.0,125.0, 7130 
Västra Hamnen,2450000, 46226 ,2.0,53.0, 3255 
Ribersborg,1350000, 54000 ,1.0,25.0, 1783 
Dockan,3100000, 42466 ,3.0,73.0, 4213 
Dockan,3250000, 41139 ,3.0,79.0, 4418 
Hyllie,2795000, 35833 ,3.0,78.0, 4419 
Nydala,900000, 21687 ,1.0,41.5, 1987 
S:t Knut,1900000, 43084 ,1.0,44.1, 2163 
Dammfri,2895000, 39122 ,3.0,74.0, 4766 
S:t Knut,2450000, 44545 ,2.0,55.0, 2908 
Katrinelund,1395000, 23445 ,2.0,59.5, 3554 
Segevång,1000000, 18018 ,2.0,55.5, 3312 
Folkets Park,1860000, 29063 ,2.5,64.0, 3715 
Limhamns Sjöstad,5405000, 54596 ,4.0,99.0, 5985 
Gamla Limhamn,1300000, 34574 ,1.0,37.6, 2564 
Hyllie,2830000, 39034 ,3.0,72.5, 4034 
Folkets Park,3000000, 41667 ,2.0,72.0, 3524 
Kulladal,1235000, 20756 ,2.0,59.5, 3247 
Lönngården,1000000, 20833 ,2.0,48.0, 2930 
Hyllie,1845000, 41554 ,2.0,44.4, 2055 
Fågelbacken,2500000, 37879 ,2.0,66.0, 3332 
Nobeltorget,550000, 28947 ,1.0,19.0, 1243 
Slussen,2640000, 37447 ,3.0,70.5, 4649 
Högaholm,1400000, 17073 ,3.0,82.0, 5449 
City,5000000, 39063 ,4.0,128.0, 5780 
Davidshall,4500000, 50562 ,3.0,89.0, 4535 
Söderkulla,1950000, 24841 ,3.0,78.5, 4134 
Erikslust,2610000, 34118 ,3.0,76.5, 4303 
Ellstorp,1250000, 26042 ,2.0,48.0, 3234 
S:t Knut,2150000, 38393 ,3.0,56.0, 3068 
Håkanstorp,1140000, 18689 ,2.0,61.0, 3927 
Limhamns Sjöstad,3225000, 42157 ,3.0,76.5, 4052 
City,8600000, 68254 ,4.0,126.0, 6999 
Östra Sorgenfri/nobel,2000000, 27778 ,3.0,72.0, 4518 
Oxie,1310000, 13789 ,3.0,95.0, 5359 
Nydala,1420000, 18562 ,3.0,76.5, 4249 
Husie,2000000, 25000 ,3.0,80.0, 5574 
Triangeln,2000000, 55556 ,1.0,36.0, 1908 
Katrinelund,1685000, 28559 ,2.0,59.0, 3426 
Sorgenfri,1330000, 22167 ,2.0,60.0, 3882 
Ellstorp,1250000, 27778 ,2.0,45.0, 3297 
Oxie,1460000, 22813 ,2.0,64.0, 4559 
Hyllie,2750000, 36184 ,3.0,76.0, 4377 
Erikslust,2350000, 39831 ,2.0,59.0, 3431 
Klagshamn,3875000, 34292 ,4.0,113.0, 4373 
Söderkulla,1800000, 18848 ,4.0,95.5, 5473 
Ribersborg,2790000, 41642 ,2.0,67.0, 4151 
Davidshall/Malmö Opera,4700000, 46078 ,3.0,102.0, 3867 
Västra Hamnen,3325000, 51154 ,3.0,65.0, 3439 
Västra Hamnen,7395000, 50616 ,4.0,146.1, 8486 
Rörsjöstaden,3495000, 32064 ,4.0,109.0, 5757 
Husie/Kvarnby,2100000, 21649 ,3.0,97.0, 6259 
Fågelbacken,1395000, 42273 ,1.0,33.0, 1458 
Slussen,2025000, 39706 ,2.0,51.0, 3075 
Östra Sorgenfri/nobel,1395000, 31705 ,2.0,44.0, 2747 
Triangeln,3200000, 38554 ,3.0,83.0, 5104 
Västra Hamnen,3395000, 41402 ,3.0,82.0, 4793 
Bunkeflostrand,2135000, 25942 ,3.0,82.3, 5518 
Dalaplan,1295000, 23588 ,2.0,54.9, 4317 
Lorensborg,1525000, 26754 ,2.0,57.0, 2934 
Söderkulla,1440000, 16744 ,3.0,86.0, 4340 
Slottsstaden,3275000, 42532 ,3.0,77.0, 4303 
Söderkulla,1650000, 19760 ,3.0,83.5, 5076 
Annelund,1510000, 31006 ,2.0,48.7, 2983 
Östra Sorgenfri,1225000, 21875 ,2.0,56.0, 3670 
Västra Hamnen,3650000, 46795 ,2.0,78.0, 5185 
Hästhagen/Slottsstaden,3100000, 40260 ,3.0,77.0, 4706 
Fågelbacken,2495000, 29880 ,4.0,83.5, 4458 
Gyllins Trädgård,1770000, 33396 ,2.0,53.0, 3245 
Höja,1650000, 19412 ,3.0,85.0, 4171 
S:t Knut,2895000, 39658 ,3.0,73.0, 4594 
Västra Hamnen,3150000, 47727 ,2.0,66.0, 4466 
Erikslust,2475000, 31731 ,3.0,78.0, 4701 
Ribersborg,3125000, 38110 ,3.5,82.0, 4284 
Högaholm,1250000, 15625 ,3.0,80.0, 5269 
Rörsjöstaden,4600000, 48421 ,3.0,95.0, 5056 
Kulladal,1400000, 22581 ,2.0,62.0, 3474 
City,4995000, 52031 ,4.0,96.0, 5105 
Nydala,1350000, 17532 ,3.0,77.0, 4200 
Lorensborg,1905000, 22952 ,4.0,83.0, 4413 
Dockan,1950000, 59091 ,2.0,33.0, 2301 
Kirseberg,1200000, 20339 ,2.0,59.0, 3127 
Rörsjöstaden,1650000, 50000 ,1.0,33.0, 1536 
Borgmästaregården,1380000, 50182 ,1.5,27.5, 1853 
Gamla Väster,3025000, 58173 ,2.0,52.0, 2227 
Rörsjöstaden,1800000, 25714 ,2.5,70.0, 4593 
Limhamn,3500000, 29661 ,5.0,118.0, 7066 
S:t Knut / Västra Sorgenfri,2375000, 42411 ,2.5,56.0, 2465 
Erikslust,3600000, 40223 ,4.0,89.5, 5130 
Möllevången,4000000, 36697 ,4.0,109.0, 5318 
Bunkeflostrand,2110000, 30143 ,4.0,70.0, 5378 
Ellstorp,1220000, 22593 ,2.0,54.0, 4097 
Ribersborg,2800000, 33333 ,3.0,84.0, 4200 
Västra Hamnen,1775000, 57258 ,1.0,31.0, 2072 
Eriksfält,1250000, 17986 ,3.0,69.5, 4168 
S:t Knut,4060000, 40600 ,3.0,100.0, 5027 
Ribersborg,2195000, 34841 ,2.0,63.0, 3806 
Almhög,1000000, 18349 ,2.0,54.5, 3838 
Västra Hamnen,1785000, 51739 ,1.0,34.5, 2195 
Norra Sofielund,1200000, 29268 ,2.0,41.0, 2731 
Håkanstorp,2200000, 24176 ,4.0,91.0, 4276 
Gula Höja,1520000, 18882 ,3.0,80.5, 4625 
Limhamn,3450000, 35938 ,4.0,96.0, 5022 
Rörsjöstaden,1700000, 51515 ,1.0,33.0, 1536 
Slottsstaden,1150000, 44231 ,1.0,26.0, 1672 
Bulltofta,2430000, 27000 ,3.0,90.0, 5601 
Dockan,4250000, 45213 ,3.0,94.0, 3878 
Limhamn,1710000, 36383 ,2.0,47.0, 3239 
Limhamn,2845000, 27621 ,4.0,103.0, 6613 
Nobeltorget,995000, 20306 ,2.0,49.0, 3823 
Lindeborg,1230000, 28276 ,2.0,43.5, 2658 
Ribersborg,2100000, 45652 ,2.0,46.0, 2741 
Slussen,2100000, 38889 ,2.0,54.0, 2978 
Nobeltorget,1150000, 21296 ,2.0,54.0, 4185 
Nydala,1425000, 18038 ,3.0,79.0, 4252 
Erikslust,2550000, 42500 ,2.0,60.0, 3475 
Rosengård,780000, 9286 ,4.0,84.0, 6504 
Triangeln,2400000, 50000 ,2.0,48.0, 3378 
Möllevången,1500000, 37500 ,1.5,40.0, 2689 
Ribersborg / Slottsstaden,3300000, 41772 ,3.0,79.0, 4969 
Pildammarna/Slottsstaden,1380000, 33659 ,1.0,41.0, 3287 
Limhamns sjöstad,1825000, 41477 ,1.5,44.0, 2743 
Limhamn/Ön,2200000, 50000 ,2.0,44.0, 2743 
S:t Knut,1660000, 40587 ,1.0,40.9, 1999 
Bulltofta,1765000, 32685 ,2.0,54.0, 3821 
Triangeln,2650000, 53000 ,2.0,50.0, 3002 
Triangeln,2250000, 32799 ,3.0,68.6, 3386 
Ellstorp,1300000, 24074 ,2.0,54.0, 3919 
Limhamn - Ön,2995000, 41597 ,2.0,72.0, 5112 
Triangeln,1995000, 38365 ,2.0,52.0, 3516 
Värnhem,2120000, 18929 ,4.0,112.0, 6663 
Söderkulla,2100000, 24706 ,4.0,85.0, 4228 
Pildammsparken,4100000, 38498 ,4.0,106.5, 5287 
Rörsjöstaden,1920000, 45176 ,1.0,42.5, 1947 
Ribersborg,4200000, 44920 ,3.0,93.5, 3079 
Rådmansvången,2510000, 38975 ,2.5,64.4, 3241 
Lönngården,745000, 19605 ,1.0,38.0, 1623 
City,2695000, 59889 ,1.5,45.0, 2720 
Triangeln,3495000, 39270 ,3.0,89.0, 4387 
Lorensborg,1955000, 25390 ,3.0,77.0, 4248 
Ribersborg,1950000, 34211 ,2.0,57.0, 3220 
Västra Hamnen,7250000, 69712 ,4.0,104.0, 5859 
Östra Sorgenfri,1060000, 24941 ,1.0,42.5, 2686 
Ribersborg,2500000, 48077 ,2.0,52.0, 3141 
Ribersborg,2400000, 34286 ,2.0,70.0, 3481 
Borgmästaregården,2405000, 28631 ,3.0,84.0, 4786 
Pildammarna,1595000, 29537 ,2.0,54.0, 4112 
Dalaplan,940000, 30323 ,2.0,31.0, 2560 
S:t Knut,1625000, 25794 ,2.0,63.0, 3298 
Triangeln/Rådmansvången,2635000, 37113 ,2.0,71.0, 3914 
Ellstorp,1310000, 25192 ,2.0,52.0, 3695 
City,1425000, 40714 ,1.0,35.0, 2048 
Limhamn,4550000, 54819 ,3.0,83.0, 2334 
Lugnet - Centrum,2500000, 25126 ,4.5,99.5, 7241 
Möllevången,2375000, 43981 ,2.0,54.0, 2851 
Segevång,1415000, 19122 ,3.0,74.0, 3803 
Södertorp,2400000, 22642 ,4.0,106.0, 6244 
Kirseberg,1450000, 25893 ,2.5,56.0, 2448 
Östra Sorgenfri,1095000, 21471 ,2.0,51.0, 3050 
Borgmästaregården,2355000, 30987 ,3.0,76.0, 4401 
Hyllie,2325000, 38115 ,2.0,61.0, 3075 
Högaholm,1350000, 16875 ,3.0,80.0, 5269 
Lorensborg,1700000, 32692 ,2.0,52.0, 2481 
Limhamns sjöstad,2600000, 40000 ,2.0,65.0, 3629 
Rörsjöstaden,2050000, 32540 ,2.0,63.0, 4257 
Drottningtorget,2350000, 36719 ,2.0,64.0, 4023 
Gula Höja,2380000, 23333 ,4.0,102.0, 3832 
Slottsstaden,4000000, 40404 ,3.0,99.0, 6140 
Nobeltorget,1050000, 20588 ,2.0,51.0, 3860 
Håkanstorp,1470000, 21304 ,3.0,69.0, 4619 
Drottningtorget,2815000, 43308 ,2.0,65.0, 3570 
Folkets Park,4350000, 40278 ,4.5,108.0, 4547 
Lorensborg,1625000, 30660 ,2.0,53.0, 3003 
Klagshamn,3700000,price not specified,4.0,104.0, 6294 
Kirseberg,1035000, 20294 ,2.0,51.0, 3774 
Möllevången,2295000, 30197 ,3.0,76.0, 4160 
Slottsstaden/Erikslust,2375000, 30844 ,3.0,77.0, 4672 
Värnhem,1795000, 26014 ,2.5,69.0, 4761 
Pildammarna,2150000, 31618 ,4.0,68.0, 4868 
Annelund,680000, 30222 ,1.0,22.5, 1810 
City,3545000, 68173 ,2.0,52.0, 3047 
Limhamn,1300000, 35422 ,1.0,36.7, 2413 
Västra Hamnen,4550000, 48148 ,3.5,94.5, 5455 
Ribersborg,2100000, 53846 ,1.5,39.0, 2909 
Slottsstaden,2050000, 47674 ,1.5,43.0, 2572 
Limhamns Sjöstad,2995000, 40473 ,3.0,74.0, 3989 
Västra Sorgenfri,1845000, 34167 ,2.0,54.0, 4364 
Hyllie,2360000, 39333 ,2.0,60.0, 2941 
Kirseberg,1980000, 29118 ,3.0,68.0, 4518 
Malmö,5450000, 62644 ,3.0,87.0, 3908 
Limhamns Sjöstad,3375000, 42722 ,3.5,79.0, 4535 
Segevång,1200000, 20339 ,2.0,59.0, 3563 
Klagshamn,2590000,price not specified,3.0,101.0, 6221 
Sofielund,2500000, 35562 ,3.0,70.3, 3014 
Oxie,1475000, 21377 ,2.0,69.0, 4868 
Almvik - Högaholm,1200000, 20339 ,2.0,59.0, 4590 
Värnhem,3500000, 33654 ,4.0,104.0, 6563 
Pildammarna,1850000, 33821 ,2.0,54.7, 3328 
Ellstorp,950000, 27941 ,1.0,34.0, 2873 
Söderkulla,1610000, 14061 ,5.0,114.5, 6473 
Kristineberg,1740000, 20233 ,4.0,86.0, 5007 
Möllevången,2420000, 31842 ,3.0,76.0, 4162 
Pildammarna,1755000, 35816 ,2.0,49.0, 3764 
Rörsjöstaden,3100000, 38272 ,3.0,81.0, 4316 
Dammfri,2195000, 29662 ,3.0,74.0, 4766 
Slottsstaden,2195000, 30068 ,3.0,73.0, 5114 
Gamla Väster,3700000, 59677 ,2.0,62.0, 3286 
Östervärn,1950000, 24375 ,2.5,80.0, 5309 
Slottsstaden,2430000, 39068 ,2.0,62.2, 3579 
Dammfri,2710000, 36376 ,3.0,74.5, 3425 
Drottningtorget,5100000, 43966 ,3.0,116.0, 5805 
Dalaplan,995000, 24568 ,1.0,40.5, 2465 
Limhamn,5400000, 30168 ,7.0,179.0, 10548 
Västra Sorgenfri,1450000, 33721 ,1.5,43.0, 3449 
Folkets Park,3095000, 40195 ,3.0,77.0, 3775 
Söderkulla,1070000, 17541 ,2.0,61.0, 3194 
Kirseberg,1140000, 19655 ,2.0,58.0, 4925 
Erikslust,2050000, 34746 ,2.0,59.0, 3494 
Holma,1250000, 23810 ,2.0,52.5, 3321 
Nobeltorget,1400000, 30108 ,1.5,46.5, 2837 
Pildammarna,1560000, 31837 ,2.0,49.0, 3912 
Östra Sorgenfri,1250000, 23585 ,2.0,53.0, 3585 
Limhamn,1250000, 28409 ,1.5,44.0, 2939 
Rörsjöstaden,1775000, 53788 ,1.0,33.0, 1536 
Lorensborg,1820000, 22331 ,4.0,81.5, 4124 
Limhamn,2000000, 36697 ,2.0,54.5, 3247 
Kapellplan,1985000, 43626 ,2.0,45.5, 2539 
Västra Kattarp,1125000, 18145 ,2.0,62.0, 3841 
Ellstorp,1400000, 26168 ,2.0,53.5, 3804 
Blekingsborg,1850000, 27206 ,3.0,68.0, 4306 
Högaholm,1050000, 12805 ,3.0,82.0, 5773 
Gamla Väster,6300000, 61165 ,3.0,103.0, 5213 
Norra Sorgenfri,1250000, 39063 ,1.0,32.0, 1960 
Bunkeflostrand,1400000, 23729 ,2.0,59.0, 4978 
Kulladal/Gröndal,1950000, 20856 ,4.0,93.5, 5307 
Segevång,1020000, 18378 ,2.0,55.5, 3458 
Erikslust,2300000, 34848 ,3.0,66.0, 3827 
Söderkulla,850000, 22368 ,2.0,38.0, 2200 
Folkets Park,1300000, 30233 ,1.5,43.0, 2329 
Nydala,1160000, 17059 ,3.0,68.0, 3735 
Nobeltorget,1125000, 21635 ,2.0,52.0, 3612 
Limhamn - Ön,3550000, 35678 ,4.0,99.5, 6713 
Kirseberg,3600000, 36364 ,4.0,99.0, 5718 
Sofielund,1620000, 32400 ,2.0,50.0, 3143 
Slussen,1500000, 39474 ,1.5,38.0, 2388 
Dammfri,2500000, 35112 ,3.0,71.2, 3004 
Södertorp,1660000, 19880 ,3.0,83.5, 4671 
Segevång,725000, 19079 ,1.0,38.0, 2832 
Söderkulla,1000000, 16667 ,2.0,60.0, 3847 
Pildammsparken,1725000, 31081 ,2.0,55.5, 3419 
Kulladal/Gröndal,2065000, 24880 ,3.0,83.0, 4463 
Elinegård,2000000, 35714 ,2.0,56.0, 3112 
Kirseberg,1260000, 22500 ,2.0,56.0, 2863 
Södertorp,2495000, 28352 ,3.0,88.0, 5271 
Dalaplan,1500000, 27125 ,2.0,55.3, 3034 
Söderkulla,1115000, 18583 ,2.0,60.0, 3636 
Almvik,1415000, 17688 ,3.0,80.0, 4611 
Limhamns Sjöstad,2650000, 42742 ,2.0,62.0, 3505 
Kulladal,1660000, 19762 ,3.0,84.0, 4689 
Östra Sorgenfri,1250000, 32134 ,1.0,38.9, 2539 
Hyllie,2200000, 38596 ,2.0,57.0, 2984 
Oxie,2000000,price not specified,4.0,114.0, 6956 
Pildammsparken,3060000, 38491 ,3.0,79.5, 3974 
Dockan,4295000, 46889 ,3.0,91.6, 5276 
Västra Hamnen,1775000, 49306 ,1.0,36.0, 2230 
Lindeborg,1600000, 25806 ,2.0,62.0, 3340 
Kulladal/Gröndal,1150000, 19328 ,2.0,59.5, 3274 
Limhamn,2810000, 38493 ,3.0,73.0, 4407 
Västra Hamnen,3400000, 45333 ,3.0,75.0, 4216 
Ribersborg,5800000, 61053 ,4.0,95.0, 3526 
Ön,2500000, 29412 ,3.0,85.0, 5379 
Hästhagen,3650000, 39760 ,4.0,91.8, 3910 
Östra Sorgenfri,1235000, 20583 ,2.0,60.0, 4078 
Ellstorp,865000, 33269 ,1.0,26.0, 2138 
Söderkulla,1400000, 18667 ,3.0,75.0, 3973 
Ellstorp,875000, 33654 ,1.0,26.0, 2138 
Dockan,3400000, 45273 ,2.0,75.1, 4324 
Rörsjöstaden,4720000, 50753 ,3.0,93.0, 5122 
Håkanstorp,1600000, 22857 ,3.0,70.0, 4018 
Söderkulla,1360000, 22667 ,2.0,60.0, 3847 
Dockan,5225000, 47242 ,3.0,110.6, 6300 
Högaholm,1420000, 17423 ,3.0,81.5, 3889 
Hyllie,3550000, 34466 ,4.0,103.0, 5397 
Malmö,1725000, 52273 ,1.0,33.0, 1771 
Ribersborg,1650000, 43421 ,1.5,38.0, 2850 
Almhög,1100000, 19469 ,2.0,56.5, 3816 
Gula Höja,1815000, 22547 ,3.0,80.5, 3222 
Dockan,1800000, 54545 ,1.0,33.0, 2301 
Östra Sorgenfri,1225000, 18284 ,3.0,67.0, 3925 
Limhamn,1640000, 39234 ,2.0,41.8, 2772 
Sorgenfri,1680000, 29787 ,2.0,56.4, 3343 
Lönngården,800000, 16667 ,1.0,48.0, 2930 
Högaholm,950000, 14729 ,2.0,64.5, 3205 
Nydala,805000, 27288 ,1.0,29.5, 2023 
Västra Sorgenfri,1525000, 37195 ,2.0,41.0, 2826 
Södertorp,3500000, 26718 ,5.0,131.0, 5117 
Limhamn,2550000, 34932 ,3.0,73.0, 3781 
Hyllie,2995000, 41027 ,3.0,73.0, 4531 
Limhamn,1900000, 40426 ,2.0,47.0, 2886 
Rörsjöstaden,1850000, 41111 ,2.0,45.0, 2933 
Östervärn,2670000, 34231 ,2.0,78.0, 4088 
Lindeborg,1946000, 24790 ,3.0,78.5, 4259 
Dockan,1775000, 57258 ,1.0,31.0, 2301 
Segevång,1450000, 17576 ,4.0,82.5, 4500 
Hyllie,1795000, 47237 ,2.0,38.0, 2685 
Dockan,2650000, 43443 ,2.0,61.0, 3383 
Lönngården,890000, 16792 ,2.0,53.0, 3394 
Hyllie / Vintrie,2735000, 35290 ,3.0,77.5, 4652 
Söderkulla,1860000, 21628 ,4.0,86.0, 4340 
Davidshall,4300000, 55844 ,3.5,77.0, 4159 
Dammfri,1875000, 34278 ,2.0,54.7, 3328 
Ribersborg,2800000, 43750 ,2.5,64.0, 3340 
Högaholm,700000, 10938 ,2.0,64.0, 4421 
Limhamns Sjöstad,1460000, 35610 ,1.0,41.0, 2736 
Segevång,1320000, 18462 ,3.0,71.5, 4592 
Nydala,950000, 17273 ,2.0,55.0, 2608 
Håkanstorp,1950000, 22941 ,4.0,85.0, 3847 
Blekingsborg,1550000, 18343 ,3.5,84.5, 5504 
Ribersborg,5950000, 44737 ,5.0,133.0, 5712 
Rådmansvången,1850000, 35577 ,2.0,52.0, 4238 
Värnhem,1275000, 47222 ,1.0,27.0, 1814 
Höja,1030000, 17458 ,2.0,59.0, 2525 
Möllevången / Triangeln,4000000, 34783 ,4.0,115.0, 5927 
Limhamn,3600000, 40909 ,3.0,88.0, 4558 
Värnhem,1795000, 30948 ,2.5,58.0, 3669 
Limhamn / Gamla Limhamn,2325000, 36905 ,2.0,63.0, 3589 
Högaholm,1195000, 14938 ,3.0,80.0, 5066 
Ribersborg,2195000, 43039 ,2.0,51.0, 2561 
Kastanjegården,1110000, 17903 ,2.0,62.0, 3353 
Ellstorp,1115000, 23723 ,2.0,47.0, 3570 
Nobeltorget,1700000, 26941 ,2.5,63.1, 3324 
Nobeltorget,2450000, 30625 ,3.0,80.0, 3696 
Rörsjöstaden,3300000, 40741 ,2.0,81.0, 5279 
Nobeltorget,1630000, 37045 ,2.0,44.0, 1655 
Limhamn,1295000, 29101 ,1.0,44.5, 2929 
Borgmästaregården,2750000, 25346 ,4.0,108.5, 6497 
Limhamn - Ön,1950000, 30000 ,2.0,65.0, 4720 
Hästhagen,2650000, 36806 ,2.0,72.0, 4193 
Borgmästaregården,3395000, 26523 ,5.0,128.0, 7528 
Hyllie,2140000, 46522 ,2.0,46.0, 2885 
Fosiedal,1150000, 14198 ,3.0,81.0, 4477 
Vita höja,1650000, 19412 ,3.0,85.0, 4218 
Bulltofta,2250000, 25568 ,3.0,88.0, 5280 
Södervärn,1205000, 25970 ,1.5,46.4, 2203 
Limhamn,1300000, 22414 ,2.0,58.0, 3872 
Slottsstaden,1495000, 48226 ,1.0,31.0, 1655 
Västra Hamnen,2270000, 48298 ,2.0,47.0, 2590 
Limhamn,1550000, 28440 ,2.0,54.5, 3421 
Malmö,2900000, 32955 ,3.0,88.0, 5484 
Dammfri,2500000, 33557 ,3.0,74.5, 3017 
Hyllie,1985000, 36759 ,2.0,54.0, 3132 
Slottsstaden,2200000, 40000 ,2.0,55.0, 3098 
Röda Höja,2710000, 22397 ,5.0,121.0, 5410 
Limhamn,1650000, 41250 ,2.0,40.0, 2112 
Lindeborg,1480000, 23871 ,2.0,62.0, 3479 
Slottsstaden,1300000, 50000 ,1.0,26.0, 1722 
Ribersborg,1495000, 51552 ,1.0,29.0, 1712 
Söderkulla,1250000, 14045 ,3.5,89.0, 5301 
Möllevången,1375000, 31977 ,1.0,43.0, 2484 
Bunkeflostrand,1395000, 23644 ,2.0,59.0, 4978 
Lorensborg,1550000, 29245 ,2.0,53.0, 2944 
Lorensborg,1550000, 27193 ,2.0,57.0, 2998 
Slussen,2150000, 35246 ,2.0,61.0, 3412 
Lorensborg,1395000, 24052 ,2.0,58.0, 3352 
S:t Knut,1695000, 38348 ,1.5,44.2, 2111 
Slottsstaden,2200000, 32836 ,2.0,67.0, 3651 
Slottsstaden,1715000, 34300 ,1.5,50.0, 3263 
Rosengård,845000, 10563 ,3.0,80.0, 5320 
Oxie,1950000,price not specified,4.0,109.0, 6286 
Fosiedal,865000, 17835 ,2.0,48.5, 3874 
Limhamns Sjöstad,2095000, 35508 ,2.0,59.0, 3228 
Borgmästaregården,1750000, 23649 ,3.0,74.0, 3938 
Ribersborg,4675000, 74681 ,2.0,62.6, 2767 
Rosengård,795000, 9755 ,3.0,81.5, 5154 
Slottsstaden,2845000, 45887 ,3.0,62.0, 3902 
Sorgenfri,1200000, 26087 ,2.0,46.0, 3011 
Rosengård,800000, 13445 ,2.0,59.5, 3888 
Gamla Väster,4550000, 35547 ,4.0,128.0, 7356 
Dammfri,1870000, 33513 ,2.0,55.8, 3220 
Oxie,2300000,price not specified,4.0,114.0, 6956 
Dammfri,1720000, 28908 ,2.0,59.5, 4313 
Slottsstaden/Ribersborg,3459000, 42183 ,3.0,82.0, 3407 
Blekingsborg,1420000, 22016 ,3.0,64.5, 4710 
Dockan,2250000, 44118 ,2.0,51.0, 3249 
Ellstorp,1390000, 23966 ,2.0,58.0, 4214 
Hyllie,2695000, 34551 ,3.0,78.0, 4419 
Rådmansvången,1160000, 45490 ,1.0,25.5, 1941 
Hindby,1350000, 18493 ,3.0,73.0, 4614 
Östervärn,2250000, 21845 ,4.0,103.0, 6432 
Rosengård,760000, 12773 ,2.0,59.5, 4097 
Limhamn,1810000, 30940 ,2.0,58.5, 3334 
Ellstorp,1450000, 26852 ,2.0,54.0, 4077 
Västra Hamnen,1875000, 55147 ,1.0,34.0, 2438 
Dockan,1800000, 43902 ,2.0,41.0, 2945 
Dammfri,1795000, 31217 ,2.0,57.5, 3832 
Röda Höja,1500000, 19737 ,3.0,76.0, 3510 
Södertorp,2325000, 23250 ,4.0,100.0, 5324 
City,2875000, 33046 ,4.0,87.0, 4337 
Dammfri,2220000, 37311 ,2.0,59.5, 4256 
Västra Hamnen,2300000, 43396 ,2.0,53.0, 3078 
City,3395000, 32028 ,4.0,106.0, 6372 
S:t Knut/Västra Sorgenfri,1480000, 32889 ,2.0,45.0, 2720 
Folkets Park,1385263, 24303 ,2.0,57.0, 4052 
Rådmansvången,2130000, 43469 ,2.0,49.0, 3322 
Stadionparken / Lorensborg,1900000, 24675 ,3.0,77.0, 3961 
Söderkulla,2070000, 19904 ,4.0,104.0, 5348 
Östra Sorgenfri/nobel,1300000, 21667 ,2.0,60.0, 3905 
Slussen,1960000, 25621 ,3.0,76.5, 5011 
Slussen,2410000, 36515 ,2.5,66.0, 4373 
Dammfri,2300000, 31335 ,3.0,73.4, 5020 
Drottningtorget,2995000, 30561 ,4.0,98.0, 5370 
Limhamns Sjöstad,3150000, 40385 ,3.0,78.0, 4126 
Söderkulla,1200000, 18462 ,2.0,65.0, 3706 
Limhamns Sjöstad,2875000, 40493 ,3.0,71.0, 4254 
Rörsjöstaden,4350000, 47027 ,3.0,92.5, 4618 
Slottsstaden,4510000, 57089 ,4.0,79.0, 3286 
Davidshall / Malmö Opera,3225000, 60849 ,2.5,53.0, 3128 
Sorgenfri,1350000, 40909 ,1.0,33.0, 2094 
Virentofta,1720000, 28197 ,2.0,61.0, 3313 
Söderkulla,1650000, 19186 ,3.0,86.0, 4340 
Rosengård,650000, 10924 ,2.0,59.5, 3827 
ALMVIK / HÖGAHOLM,695000, 25741 ,1.0,27.0, 1627 
Västra Hamnen,5600000, 52239 ,3.0,107.2, 6227 
Söderkulla,1400000, 23333 ,2.0,60.0, 3157 
Limhamn - Ön,4500000, 45000 ,4.0,100.0, 6581 
Davidshall,2995000, 53482 ,2.0,56.0, 2037 
Gyllins Trädgård,2325000, 30195 ,3.0,77.0, 4373 
Folkets Park,1375000, 45833 ,2.0,30.0, 1755 
Ellstorp,1330000, 24630 ,2.0,54.0, 2873 
Lönngården,975000, 20313 ,2.0,48.0, 2664 
Kryddgården / Rosengård,680000, 8095 ,3.0,84.0, 6505 
Nobeltorget,1900000, 33333 ,2.0,57.0, 3404 
Kulladal,1700000, 20238 ,3.0,84.0, 4713 
Västra Kattarp,650000, 26000 ,1.0,25.0, 1750 
Folkets Park,1295000, 33205 ,1.5,39.0, 3081 
Segevång / Rostorp,1095000, 18718 ,2.0,58.5, 3841 
City,3345000, 34133 ,4.0,98.0, 5296 
Drottningtorget,2100000, 41176 ,2.0,51.0, 3227 
Högaholm,1685000, 16935 ,4.0,99.5, 4303 
S:t Knut,1810000, 39348 ,2.0,46.0, 2548 
S:t Knut,3980000, 46279 ,4.0,86.0, 4160 
Folkets Park,1555555, 45752 ,2.0,34.0, 1988 
Rosengård,927000, 11374 ,3.0,81.5, 5216 
Västra Hamnen,2875000, 51339 ,2.0,56.0, 2759 
Davidshallstorg,3850000, 59231 ,2.5,65.0, 3325 
Slottsstaden,2550000, 43966 ,2.0,58.0, 3319 
Hyllie,3000000, 37037 ,4.0,81.0, 4327 
Nobeltorget,975000, 26351 ,1.0,37.0, 2878 
Drottningtorget,2025000, 32400 ,2.0,62.5, 3446 
Drottningtorget,1570000, 38293 ,1.5,41.0, 2254 
Slottsstaden,3450000, 38333 ,4.0,90.0, 5156 
City,1700000, 42500 ,1.0,40.0, 2340 
Hyllie,2675000, 44583 ,2.0,60.0, 3588 
Slottsstaden,3600000, 31579 ,4.0,114.0, 5776 
Dalaplan,1250000, 19685 ,2.0,63.5, 2888 
Lorensborg,1485000, 28019 ,2.0,53.0, 2944 
Slottsstaden,2420000, 31429 ,3.0,77.0, 5341 
Rosengård,875000, 10736 ,3.0,81.5, 5292 
Sorgenfri,1650000, 29204 ,2.0,56.5, 3708 
Kvarnby,2200000, 22680 ,3.0,97.0, 7243 
Limhamn,3050000, 37195 ,3.0,82.0, 4641 
Värnhem,2230000, 22079 ,4.0,101.0, 6462 
Fågelbacken,2130000, 34918 ,2.0,61.0, 3729 
Nobeltorget,1145000, 27927 ,2.0,41.0, 2682 
Västra Hamnen,2370000, 39500 ,2.0,60.0, 3538 
Östervärn,1500000, 30000 ,2.0,50.0, 3892 
Nobeltorget,995000, 25513 ,1.0,39.0, 2699 
Slussen,3925000, 34130 ,4.0,115.0, 5455 
City,1475000, 36875 ,1.0,40.0, 1994 
Ribersborg,3295000, 40183 ,3.0,82.0, 4865 
Fosiedal,950000, 14961 ,2.0,63.5, 3792 
Röda Höja,1760000, 20585 ,3.0,85.5, 3966 
Videdal - Husie,3900000,price not specified,5.0,118.5, 4427 
Hästhagen,2400000, 45283 ,2.0,53.0, 3032 
Sorgenfri,3310000, 33100 ,4.0,100.0, 5601 
Kulladal,1395000, 22500 ,2.0,62.0, 3552 
Borgmästaregården,3500000, 28455 ,5.0,123.0, 6776 
Borgmästaregården,2195000, 26131 ,3.0,84.0, 4692 
Kirseberg,1300000, 26000 ,2.0,50.0, 2440 
Ribersborg,2050000, 32540 ,2.0,63.0, 4299 
Östra Sorgenfri,1650000, 31132 ,2.0,53.0, 3745 
Ribersborg,2295000, 37623 ,2.0,61.0, 3903 
Dammfri,1900000, 31933 ,2.0,59.5, 2986 
Folkets Park,1525000, 36310 ,2.0,42.0, 2716 
Håkanstorp,1400000, 24348 ,2.0,57.5, 2825 
Sorgenfri,1050000, 26923 ,1.0,39.0, 2699 
Norra Sorgenfri,2100000, 42000 ,2.0,50.0, 2946 
Ellstorp,1430000, 28039 ,2.0,51.0, 3740 
S:t Knut / Sankt Knut,2310000, 40526 ,2.0,57.0, 3160 
Triangeln,1890000, 43852 ,1.5,43.1, 3132 
Slottsstaden,4725000, 48214 ,4.0,98.0, 5726 
Limhamn,1650000, 31132 ,2.0,53.0, 3935 
Ribersborg,3900000, 43820 ,4.0,89.0, 5400 
Sofielund,1370000, 27400 ,2.0,50.0, 3112 
Almvik,1100000, 17188 ,2.0,64.0, 3920 
Söderkulla,1295000, 16087 ,3.0,80.5, 5210 
Malmö,4900000, 39837 ,4.0,123.0, 6251 
Almvik,1385000, 23475 ,2.0,59.0, 4490 
Slottsstaden,2550000, 37500 ,3.0,68.0, 3631 
Västra Hamnen,3800000, 41989 ,4.0,90.5, 5309 
Borgmästaregården,1350000, 22881 ,2.0,59.0, 3336 
Dammfri,2050000, 34167 ,2.0,60.0, 3979 
Hyllievång,2485000, 45513 ,2.0,54.6, 2457 
Rörsjöstaden,3800000, 38815 ,4.0,97.9, 5133 
Ribersborg,3900000, 40625 ,3.0,96.0, 4892 
Dammfri,2425000, 35145 ,3.0,69.0, 3441 
Drottningtorget,2000000, 38462 ,2.0,52.0, 2522 
City,2750000, 39286 ,3.0,70.0, 4477 
Västra Hamnen,2425000, 48020 ,2.0,50.5, 2777 
Söderkulla,2000000, 23529 ,4.0,85.0, 4461 
Söderkulla,1375000, 17188 ,3.0,80.0, 5210 
Slussen,2095000, 28699 ,3.0,73.0, 4290 
Bunkeflostrand,1545000, 22071 ,2.0,70.0, 5378 
Triangeln,2750000, 29412 ,4.0,93.5, 5600 
Triangeln,1850000, 26429 ,2.0,70.0, 5197 
Västra Hamnen,1850000, 51389 ,1.0,36.0, 2206 
Ellstorp,1340000, 30455 ,2.0,44.0, 3175 
Östervärn,900000, 37500 ,1.0,24.0, 1744 
Hyllie,2850000, 40141 ,3.0,71.0, 3879 
Gyllins Trädgård,2230000, 29733 ,3.0,75.0, 4514 
Dammfri,1750000, 34314 ,2.0,51.0, 3390 
Triangeln,2500000, 54348 ,2.0,46.0, 2285 
Kirseberg,1055000, 21313 ,2.0,49.5, 3774 
Västra Hamnen,6100000, 76250 ,2.0,80.0, 5069 
Dalaplan,1075000, 27146 ,1.0,39.6, 2951 
Västra Hamnen,2000000, 55556 ,1.5,36.0, 2306 
Folkets Park,1410000, 29684 ,2.0,47.5, 3408 
Röda Höja,2050000, 19249 ,4.0,106.5, 4859 
Östervärn,1825000, 27652 ,2.0,66.0, 4595 
Triangeln,2700000, 54000 ,2.0,50.0, 3002 
Limhamn,3550000, 53788 ,2.0,66.0, 1856 
Rådmansvången,1995000, 20152 ,4.0,99.0, 6610 
Östra Sorgenfri/nobel,1095000, 21683 ,2.0,50.5, 3485 
Håkanstorp,1570000, 22113 ,3.0,71.0, 4062 
Ellstorp,1260000, 25200 ,2.0,50.0, 3570 
Sorgenfri,1125000, 28125 ,1.5,40.0, 2503 
S:t Knut,2250000, 38136 ,2.0,59.0, 3031 
Kulladal,1655000, 19133 ,3.0,86.5, 4851 
Ellstorp,1250000, 19685 ,3.0,63.5, 4581 
Solbacken/Lorensborg,1975000, 26159 ,3.0,75.5, 3543 
Östra Sorgenfri,1995000, 21685 ,4.0,92.0, 5515 
Västra Sorgenfri,1265000, 31625 ,1.0,40.0, 1883 
Dammfri,1950000, 32500 ,3.0,60.0, 4218 
Nydala,905000, 17075 ,2.0,53.0, 2486 
Östra Sorgenfri/nobel,1330000, 26600 ,2.0,50.0, 2392 
Borgmästaregården,1620000, 25313 ,2.0,64.0, 3909 
Södertorp,1500000, 17964 ,3.0,83.5, 4558 
Ribersborg,2600000, 40625 ,2.0,64.0, 4237 
Ribersborg,2600000, 39394 ,2.0,66.0, 3898 
Hindby,980000, 16333 ,2.0,60.0, 4049 
Lindeborg,2025000, 25796 ,3.0,78.5, 4301 
Limhamn,1395000, 42273 ,2.0,33.0, 1919 
S:t Knut,1750000, 41176 ,1.0,42.5, 3098 
Dammfri,2900000, 33333 ,4.0,87.0, 5637 
Limhamn,525000, 10000 ,2.0,52.5, 5224 
Södervärn,2250000, 28125 ,4.0,80.0, 4712 
Ribersborg,4450000, 44059 ,4.0,101.0, 4900 
Ribersborg,2730000, 39565 ,2.0,69.0, 3745 
Västra Hamnen,2700000, 47368 ,2.0,57.0, 2448 
Röda Höja,1400000, 19718 ,2.0,71.0, 3343 
Högaholm,1300000, 16250 ,3.0,80.0, 5066 
Ribersborg,2195000, 37203 ,2.0,59.0, 3564 
Södervärn,1400000, 33333 ,2.0,42.0, 2876 
Triangeln,4495000, 52267 ,3.0,86.0, 3415 
Rörsjöstaden,1495000, 29900 ,1.5,50.0, 3884 
Triangeln,2580000, 43000 ,2.0,60.0, 3242 
Värnhem,950000, 43182 ,1.0,22.0, 1645 
Lindeborg,1970000, 25096 ,3.0,78.5, 4245 
Slussen,3380000, 32500 ,4.0,104.0, 5503 
Kirseberg,1695000, 20422 ,4.0,83.0, 6186 
Västra Hamnen,2495000, 39415 ,2.0,63.3, 3606 
Håkanstorp,1380000, 24000 ,2.0,57.5, 4296 
Rörsjöstaden,2450000, 40833 ,2.0,60.0, 3073 
Limhamn,3195000, 41494 ,3.0,77.0, 4581 
Davidshallstorg,5300000, 47748 ,4.0,111.0, 5102 
Dockan,5950000, 63978 ,3.0,93.0, 3985 
Blekingsborg,965000, 22184 ,1.0,43.5, 2845 
Fosiedal,1000000, 13158 ,3.0,76.0, 4336 
Slottsstaden,4350000, 47802 ,3.0,91.0, 5272 
Drottningtorget,4050000, 38571 ,3.0,105.0, 5556 
Oxie,1450000, 15591 ,3.5,93.0, 5292 
Södertorp,1790000, 21437 ,3.0,83.5, 4644 
Slussen,1705250, 24714 ,2.0,69.0, 4051 
Folkets Park,1700000, 34000 ,2.5,50.0, 3668 
Davidshall/Malmö Opera,4300000, 44792 ,3.0,96.0, 4591 
Östervärn,2870000, 32614 ,3.0,88.0, 4380 
Södertorp,750000, 26316 ,1.0,28.5, 1675 
Rörsjöstaden,5800000, 40000 ,4.5,145.0, 5169 
Dammfri,1850000, 35577 ,2.0,52.0, 3804 
Hyllie,2000000, 52632 ,2.0,38.0, 2578 
Kulladal,1500000, 24194 ,2.0,62.0, 3699 
Ribersborg,2400000, 51064 ,2.0,47.0, 2342 
S:t Knut,1295000, 53292 ,1.0,24.3, 1148 
Slottsstaden,2800000, 36364 ,3.0,77.0, 5256 
Norra Sorgenfri,1725000, 35204 ,2.0,49.0, 2865 
Dammfri,1800000, 32374 ,2.0,55.6, 3217 
Almhög,1325000, 17208 ,3.0,77.0, 4029 
ALMHÖG,1200000, 22018 ,2.0,54.5, 3841 
Lindeborg,695000, 23966 ,1.0,29.0, 1771 
Drottningtorget,3300000, 39286 ,3.0,84.0, 5154 
Oxie,2400000,price not specified,4.0,107.5, 5329 
Nobeltorget,1350000, 31395 ,2.0,43.0, 2132 
City,3195000, 37151 ,3.0,86.0, 5031 
S:t Knut,4020000, 46744 ,3.5,86.0, 4325 
Rosengård,850000, 14167 ,2.0,60.0, 4060 
Slussen,2300000, 36508 ,2.0,63.0, 3251 
Lorensborg,2250000, 26163 ,3.0,86.0, 4246 
Nobeltorget,1425000, 33848 ,1.0,42.1, 2156 
Borgmästaregården / Pildammarna,1600000, 34409 ,2.0,46.5, 2917 
Ellstorp,1225000, 26064 ,2.0,47.0, 3570 
Drottningtorget,3285000, 41582 ,3.0,79.0, 5400 
Segevång,795000, 17667 ,1.0,45.0, 2622 
City,1820000, 45500 ,1.5,40.0, 2340 
Slottsstaden,2350000, 37781 ,3.0,62.2, 3514 
Västra Sorgenfri,1500000, 38462 ,1.0,39.0, 1835 
Nydala,1123000, 16515 ,3.0,68.0, 3774 
Hyllie,2595000, 33269 ,3.0,78.0, 4419 
Rostorp,875000, 23333 ,1.0,37.5, 1513 
Slottsstaden,1350000, 45302 ,1.0,29.8, 1743 
Sorgenfri,1050000, 30882 ,1.0,34.0, 2793 
Gyllins Trädgård,2220000, 29600 ,3.0,75.0, 4304 
Nobeltorget,2110000, 26574 ,3.5,79.4, 2733 
City,8550000, 48034 ,5.0,178.0, 6868 
Katrinelund,1250000, 21008 ,2.0,59.5, 3482 
Hyllie,3350000, 33168 ,4.0,101.0, 5765 
Ellstorp,1710000, 26308 ,2.0,65.0, 3307 
Sorgenfri,1325000, 23661 ,3.0,56.0, 4798 
Möllevången / Folkets Park,2395000, 29207 ,4.0,82.0, 4393 
Lugnet,2510000, 30988 ,3.0,81.0, 4045 
Södertorp,1550000, 25620 ,2.0,60.5, 2569 
Erikslust,2795000, 36299 ,3.0,77.0, 4332 
Limhamn,3700000, 45122 ,3.0,82.0, 4442 
Nobeltorget,1095000, 24333 ,1.5,45.0, 3089 
Dammfri,2320000, 35692 ,3.0,65.0, 4876 
Rosengård,800000, 9581 ,3.0,83.5, 5241 
Limhamns Sjöstad,3125000, 39308 ,3.0,79.5, 4178 
Dammfri,1750000, 30069 ,2.0,58.2, 3245 
Östra Sorgenfri/nobel,1850000, 22981 ,3.0,80.5, 5267 
Möllevången,2100000, 34426 ,2.0,61.0, 4230 
Almhög,1200000, 15000 ,3.0,80.0, 4831 
Ribersborg,2100000, 42857 ,1.5,49.0, 3160 
Triangeln,2980000, 35904 ,3.0,83.0, 5186 
Högaholm,1200000, 15000 ,3.0,80.0, 6047 
Nydala,1175000, 15359 ,3.0,76.5, 4309 
Limhamn,1715000, 41127 ,2.0,41.7, 2985 
Ellstorp,1095000, 21900 ,2.0,50.0, 3456 
Davidshall,3810000, 50800 ,3.5,75.0, 3109 
City,3030000, 47344 ,2.0,64.0, 4004 
Nobeltorget,1095000, 18250 ,2.0,60.0, 4034 
Limhamn/Ön,2300000, 38983 ,2.0,59.0, 3512 
Kirseberg,1825000, 25524 ,3.0,71.5, 4315 
Limhamns sjöstad,5200000, 52000 ,4.0,100.0, 5818 
Västra Hamnen,3775000, 47785 ,3.0,79.0, 3971 
Nobeltorget/Annelund,1370000, 26346 ,2.0,52.0, 3263 
Sofielund,2870000,price not specified,4.0,105.0, 5388 
Västra Hamnen,4550000, 50556 ,3.0,90.0, 4342 
Lönngården,760000, 15670 ,2.0,48.5, 3101 
Triangeln,2175000, 36250 ,2.5,60.0, 3972 
Hyllie,2700000, 35526 ,3.0,76.0, 4592 
Nobeltorget,2060000, 34856 ,2.5,59.1, 2969 
Dockan,4795000, 51782 ,3.0,92.6, 5332 
Värnhem,1150000, 46000 ,1.0,25.0, 2166 
Folkets park,1400000, 32864 ,1.5,42.6, 2678 
Östra Sorgenfri,1635000, 25349 ,3.0,64.5, 2988 
Dockan,1850000, 59677 ,1.5,31.0, 2234 
Gamla Staden,3850000, 42308 ,3.0,91.0, 4543 
Slottsstaden,3650000, 45625 ,3.0,80.0, 4533 
Lugnet,2280000, 32806 ,3.0,69.5, 4704 
Limhamn,1450000, 25439 ,2.0,57.0, 3624 
Rörsjöstaden,3225000, 46071 ,2.5,70.0, 2735 
Solbacken,4100000,price not specified,5.0,109.5, 6605 
Annestad,1575000, 22500 ,3.0,70.0, 5885 
Lönngården,1000000, 18868 ,2.5,53.0, 3028 
Ellstorp,1150000, 28049 ,2.0,41.0, 3202 
Västra Hamnen,2440000, 44771 ,2.0,54.5, 3275 
Kroksbäck,650000, 20968 ,1.0,31.0, 1591 
Rosengård,980000, 12327 ,3.0,79.5, 5292 
Slottsstaden,2825000, 37667 ,3.0,75.0, 5256 
Kulladal/Gröndal,2330000, 24920 ,4.0,93.5, 5268 
Västra Hamnen,2350000, 44340 ,2.0,53.0, 2842 
Fosiedal,1180000, 15526 ,3.0,76.0, 4321 
Gula Höja,1240000, 21017 ,2.0,59.0, 3631 
Limhamn,1725000, 34919 ,2.0,49.4, 3025 
Rosengård,705000, 11849 ,2.0,59.5, 4060 
Ellstorp,1450000, 26852 ,2.0,54.0, 3977 
Lindeborg,1500000, 24194 ,2.0,62.0, 3549 
Almvik,1143000, 14288 ,3.0,80.0, 4520 
Rörsjöstaden,1585000, 39625 ,1.0,40.0, 2620 
Klagshamn,1695000, 30818 ,2.0,55.0, 3624 
Sorgenfri,2195000, 25523 ,4.0,86.0, 4670 
Västra Hamnen,2015000, 37315 ,2.0,54.0, 3070 
Kirseberg,1795000, 26014 ,3.0,69.0, 4584 
Slussen,2335000, 35649 ,2.0,65.5, 4329 
Rosengård,825000, 9880 ,3.0,83.5, 5206 
Dockan,1850000, 52857 ,2.0,35.0, 2312 
Kroksbäck,1800000, 20690 ,3.5,87.0, 4927 
Limhamns Sjöstad,2195000, 37203 ,2.0,59.0, 3657 
Dockan,5250000, 54574 ,3.0,96.2, 5542 
Ribersborg,3695000, 48618 ,2.0,76.0, 3995 
Blekingsborg,1625000, 19578 ,3.0,83.0, 4397 
Kulladal/Gröndal,1350000, 19565 ,2.0,69.0, 4048 
Triangeln,2250000, 36645 ,2.0,61.4, 4553 
Östra Sorgenfri,1455000, 22385 ,3.0,65.0, 3925 
Lindeborg,1260000, 30732 ,1.5,41.0, 3112 
Kirseberg,1760000, 24110 ,3.0,73.0, 4742 
Dockan,2600000, 50980 ,2.0,51.0, 3248 
Söderkulla,2000000, 21053 ,4.0,95.0, 4804 
Rörsjöstaden,2600000, 35763 ,2.5,72.7, 4246 
Almhög,980000, 17982 ,2.0,54.5, 3800 
Söderkulla,1380000, 17580 ,3.0,78.5, 3876 
Slottsstaden,1475000, 50862 ,1.5,29.0, 1959 
Ribersborg,4600000, 65714 ,3.0,70.0, 3665 
Bulltofta Friluftsstad - Husie,1855000, 24733 ,2.0,75.0, 4604 
Borgmästaregården,2400000, 28571 ,3.0,84.0, 4739 
Slussen,2325000, 36905 ,2.0,63.0, 2314 
Lönngården,745000, 20135 ,1.0,37.0, 1675 
Hyllie,1360000, 41212 ,1.0,33.0, 2180 
Ribersborg,2250000, 43269 ,1.5,52.0, 3068 
Gyllins Trädgård,3550000,price not specified,5.0,122.0, 4995 
Kirseberg,1000000, 20833 ,2.0,48.0, 3799 
Slottsstaden,2960000, 41690 ,3.0,71.0, 3993 
Vårsången,2500000,price not specified,4.0,120.0, 6097 
Borgmästaregården,2100000, 25000 ,3.0,84.0, 4739 
Norra Sofielund,930000, 30000 ,1.0,31.0, 2204 
Hästhagen,1850000, 33636 ,2.0,55.0, 3694 
Dalaplan,1380000, 27600 ,2.0,50.0, 3528 
Nydala,1050000, 15441 ,3.0,68.0, 3056 
Dammfri,1775000, 31982 ,2.0,55.5, 3145 
Dammfri,2060000, 35214 ,2.0,58.5, 3876 
Kroksbäck,1395000, 16034 ,3.0,87.0, 4927 
Slottsstaden,4535000, 45808 ,4.0,99.0, 5785 
Triangeln,1865000, 43986 ,2.0,42.4, 3356 
Limhamn,2200000, 29412 ,3.0,74.8, 3447 
Söderkulla,1420000, 17640 ,3.0,80.5, 5178 
Lindeborg,2110000, 26879 ,3.0,78.5, 4245 
Slussen,1700000, 37778 ,1.5,45.0, 2909 
Drottningtorget,3400000, 45333 ,2.0,75.0, 4083 
Ön,3720000, 37200 ,3.0,100.0, 4574 
Drottningtorget,4195000, 37793 ,4.0,111.0, 6518 
Nydala,1560000, 20800 ,4.0,75.0, 4154 
Möllevången,2100000, 27273 ,3.0,77.0, 4095 
Västra hamnen,2350000, 44340 ,2.0,53.0, 3261 
Kirseberg,650000, 22807 ,1.0,28.5, 2421 
Högaholm,1460000, 18025 ,3.0,81.0, 5369 
Almvik,1500000, 18750 ,3.0,80.0, 4520 
Ellstorp,1195000, 23431 ,2.0,51.0, 3740 
Lönngården,950000, 19792 ,2.0,48.0, 2664 
Ellstorp,1450000, 29000 ,2.0,50.0, 3629 
Rörsjöstaden,1035000, 35690 ,1.0,29.0, 2262 
Håkanstorp,2550000, 24878 ,5.0,102.5, 5652 
Ribersborg,3900000, 35455 ,4.0,110.0, 
Sorgenfri,1550000, 29245 ,2.0,53.0, 3026 
Ellstorp,1450000, 27358 ,2.0,53.0, 2881 
Norra Sorgenfri,1275000, 34459 ,1.0,37.0, 2284 
Almvik,1400000, 23729 ,2.0,59.0, 4490 
Högaholm,1085000, 13152 ,3.0,82.5, 3732 
Triangeln,2292000, 36968 ,2.0,62.0, 3229 
St Knut,1750000, 48611 ,2.0,36.0, 1831 
S:t Knut / Sankt Knut,1860000, 44286 ,2.0,42.0, 1858 
Limhamn,1560000, 29213 ,2.0,53.4, 2746 
Östra Sorgenfri/nobel,1275000, 28977 ,2.0,44.0, 2747 
Nobeltorget,1105000, 26310 ,2.0,42.0, 2938 
Dockan,2500000, 48077 ,2.0,52.0, 3282 
Ribersborg,2900000, 37662 ,3.0,77.0, 4567 
Södertorp,1850000, 22156 ,3.0,83.5, 4611 
Östra Sorgenfri,1355000, 22966 ,2.0,59.0, 4224 
Pildammsparken,2850000, 30255 ,3.5,94.2, 5376 
Rörsjöstaden,2200000,price not specified,4.0,102.0, 5494 
S:t Knut,1700000, 34694 ,1.5,49.0, 2186 
Nobel,1290000, 24808 ,2.0,52.0, 3237 
Södervärn,1420000, 26792 ,2.5,53.0, 3157 
Segevång,970000, 16581 ,2.0,58.5, 3810 
Dalaplan/Södervärn,1175000, 21057 ,2.0,55.8, 3132 
Husie,1950000, 25325 ,4.0,77.0, 4808 
Västra Hamnen,1600000, 61538 ,1.0,26.0, 1606 
Östervärn,1675000, 29911 ,2.0,56.0, 3509 
Östra Sorgenfri,1165000, 31067 ,1.0,37.5, 2237 
Bulltofta Friluftsstad,2900000, 22481 ,5.0,129.0, 6455 
Ellstorp,1145000, 27927 ,2.0,41.0, 3202 
Davidshall,2200000, 66667 ,1.0,33.0, 1506 
City,2100000, 50000 ,2.0,42.0, 2775 
S:t Knuts Torg,1900000, 43182 ,1.0,44.0, 2463 
Västra Hamnen,3945000, 45872 ,4.0,86.0, 4437 
Lönngården,950000, 17790 ,1.5,53.4, 3629 
Slottsstaden,2715000, 34586 ,3.0,78.5, 5355 
Slussen,2400000, 40000 ,2.0,60.0, 2372 
Högaholm,1810000, 18191 ,4.0,99.5, 4277 
Fosiedal,1300000, 16049 ,3.5,81.0, 5325 
Nobeltorget,1380000, 33659 ,2.0,41.0, 2704 
Borgmästaregården,2000000, 23810 ,3.0,84.0, 4630 
Östervärn,1350000, 27273 ,2.0,49.5, 2593 
Möllevången,1350000, 25962 ,2.0,52.0, 3913 
Ön,3245000, 33802 ,4.0,96.0, 5310 
Rörsjöstaden,1850000, 47436 ,1.0,39.0, 2277 
Dammfri,1735000, 30174 ,2.0,57.5, 4099 
Lindeborg,750000, 25862 ,1.0,29.0, 1748 
Hyllie,2575000, 32595 ,3.0,79.0, 4091 
Oxie,2150000,price not specified,4.0,109.0, 4735 
Ribersborg,1800000, 42857 ,1.5,42.0, 3090 
Dammfri,2100000, 38532 ,2.0,54.5, 2853 
Östervärn,3015000, 35893 ,3.0,84.0, 4129 
Ellstorp,1605000, 29722 ,2.0,54.0, 2933 
Högaholm,1280000, 15706 ,3.0,81.5, 3748 
Slottsstaden,2400000, 40000 ,2.0,60.0, 3230 
Hästhagen,1610000, 36591 ,2.0,44.0, 3042 
Dammfri,2600000, 33987 ,3.0,76.5, 3765 
Norra Sorgenfri,2750000, 34810 ,3.0,79.0, 4075 
Limhamn,1395000, 23250 ,2.0,60.0, 4036 
Stadsteatern/Davidshall,5100000, 41803 ,5.0,122.0, 6263 
Lönngården,900000, 18750 ,2.0,48.0, 2664 
Västra hamnen,6850000, 64079 ,3.0,106.9, 7235 
Värnhem/Rörsjöstaden,1600000, 23881 ,3.5,67.0, 4673 
Slottsstaden,2195000, 39196 ,2.0,56.0, 2996 
Persborg/västra Kattarp,1365000, 15000 ,4.0,91.0, 4862 
Möllevången,2040000, 37091 ,2.0,55.0, 4000 
Lorensborg,2025000, 27000 ,3.0,75.0, 4062 
Drottningtorget,1920000, 36923 ,2.0,52.0, 2522 
Rörsjöstaden/Värnhem,3200000, 37209 ,2.5,86.0, 4383 
Västra Hamnen,2695000, 34551 ,2.0,78.0, 4938 
Ribersborg,1500000, 48387 ,1.0,31.0, 1883 
Davidshallstorg,3850000, 49359 ,3.0,78.0, 3712 
Hyllie,1840000, 40351 ,2.0,45.6, 2010 
Bunkeflostrand,4000000,price not specified,5.0,116.0, 5205 
Almhög,1120000, 20550 ,2.0,54.5, 3800 
S:t Knut,1885000, 41889 ,2.0,45.0, 3174 
Slottsstaden,2370000, 47400 ,2.0,50.0, 3455 
City,3600000, 43902 ,3.0,82.0, 2508 
Bulltofta,2745000, 31919 ,4.0,86.0, 5328 
Ellstorp,1400000, 28000 ,2.0,50.0, 2726 
Klagshamn,3100000,price not specified,5.0,127.0, 8416 
Limhamn - Ön,2200000, 48889 ,2.0,45.0, 2828 
Västra Hamnen,2372950, 44354 ,2.0,53.5, 2841 
Ellstorp,1375000, 19643 ,3.0,70.0, 5578 
Almhög,935000, 16549 ,2.0,56.5, 3823 
Pildammarna,2525000, 30060 ,3.0,84.0, 5209 
Limhamns Sjöstad,3000000, 43478 ,2.0,69.0, 2635 
S:t Knut,2625000, 47727 ,2.0,55.0, 2340 
Kastanjegården,2100000, 15789 ,5.0,133.0, 6953 
Håkanstorp,1020000, 16585 ,2.0,61.5, 3665 
Värnhem,2650000, 38971 ,2.5,68.0, 3711 
Ribersborg,1995000, 34397 ,2.0,58.0, 3223 
Bunkeflostrand,2650000, 23874 ,4.0,111.0, 7460 
Södertorp,2100000, 24138 ,3.0,87.0, 4779 
Rörsjöstaden,5950000, 54091 ,4.0,110.0, 5296 
Högaholm,950000, 14844 ,2.0,64.0, 3414 
Almhög,550000, 25581 ,1.0,21.5, 1615 
Rosengård,845000, 13740 ,2.0,61.5, 4155 
Västra Hamnen,2999500, 46146 ,3.0,65.0, 3665 
Östra Sorgenfri/nobel,1100000, 28205 ,1.0,39.0, 2699 
Värnhem,1050000, 36207 ,1.0,29.0, 2427 
Hyllie,3395000, 33614 ,4.0,101.0, 5499 
S:t Knut,3300000, 38824 ,4.0,85.0, 5120 
Dammfri,2700000, 33962 ,3.0,79.5, 3896 
Ellstorp,795000, 28393 ,1.0,28.0, 2741 
Slottsstaden,2200000, 37288 ,2.0,59.0, 3431 
Södra Sofielund,1100000, 17915 ,2.0,61.4, 3637 
Ön/Limhamn,2595000, 28207 ,3.0,92.0, 6001 
City,2650000, 34194 ,3.5,77.5, 4743 
Rostorp,965000, 19456 ,2.0,49.6, 1846 
Slottsstaden,2400000, 42857 ,2.0,56.0, 3273 
Limhamn - Ön,4300000, 40187 ,4.0,107.0, 6967 
Fosiedal,1415000, 16358 ,4.0,86.5, 4909 
Bulltofta Friluftsstad,1495000, 27685 ,2.0,54.0, 3413 
Dalaplan/Södervärn,2950000, 27830 ,4.0,106.0, 5601 
Dockan,2450000, 46226 ,2.0,53.0, 3035 
Drottningtorget,2675000, 40530 ,2.0,66.0, 4512 
Limhamn,1900000, 30844 ,2.0,61.6, 2758 
Dockan,4100000, 42708 ,4.0,96.0, 4742 
S:t Knut,3250000, 43919 ,3.0,74.0, 4677 
Rörsjöstaden,3172500, 30071 ,4.0,105.5, 5757 
Möllevången,1295000, 44655 ,1.0,29.0, 2086 
Rörsjöstaden,3350000, 41358 ,3.0,81.0, 4983 
Triangeln,1900000, 44084 ,1.5,43.1, 3132 
Gullvik,2170000,price not specified,5.0,104.0, 5880 
Pildammarna,2425000, 39754 ,2.0,61.0, 3704 
Söderkulla,1350000, 22500 ,2.0,60.0, 3548 
Lönngården,675000, 20455 ,1.0,33.0, 2183 
Söderkulla,1395000, 24261 ,2.0,57.5, 2931 
Högaholm,760000, 15833 ,1.0,48.0, 2940 
Triangeln,2875000, 34226 ,3.0,84.0, 5261 
S:t Knut,3750000, 46875 ,3.5,80.0, 4671 
Västra Hamnen,3525000, 42988 ,3.0,82.0, 4793 
Dockan,4000000, 52632 ,3.0,76.0, 4203 
Rörsjöstaden,2050000, 38606 ,2.0,53.1, 2918 
Dammfri,2100000, 39623 ,2.0,53.0, 2646 
Husie,2020000, 33115 ,3.0,61.0, 3121 
Rosengård,660000, 11092 ,2.0,59.5, 3850 
Oxie,1780000,price not specified,4.0,103.0, 5380 
Sofielund,1590000, 31800 ,2.0,50.0, 3112 
Dammfri,1900000, 33333 ,2.0,57.0, 3500 
Rörsjöstaden,2100000, 34426 ,2.0,61.0, 3247 
Håkanstorp,1650000, 20860 ,2.0,79.1, 4745 
Segevång,1220000, 20855 ,2.0,58.5, 3336 
Kirseberg,1300000, 25000 ,2.0,52.0, 3710 
Davidshall,4895000, 61188 ,2.5,80.0, 4712 
Nydala,975000, 14338 ,3.0,68.0, 3774 
Rosengård,820000, 10314 ,3.0,79.5, 5056 
Limhamns Sjöstad,3695000, 40383 ,4.0,91.5, 4850 
Kroksbäck,1120000, 13099 ,3.0,85.5, 4750 
Limhamn Ön,3900000, 39000 ,3.0,100.0, 5322 
Ribersborg,2800000, 43750 ,2.0,64.0, 3645 
Davidshall,2850000, 59375 ,2.0,48.0, 3160 
Gamla Staden,4350000, 36402 ,4.0,119.5, 6586 
Rörsjöstaden,3750000, 36408 ,4.0,103.0, 6625 
Rörsjöstaden,2400000, 22857 ,3.0,105.0, 6843 
Västra Hamnen,2795000, 39366 ,3.0,71.0, 4376 
Bunkeflostrand,2700000, 31765 ,4.0,85.0, 4769 
City,3550000, 44937 ,3.0,79.0, 2466 
Ribersborg,5350000, 35667 ,5.5,150.0, 7335 
Söderkulla,1100000, 18333 ,2.0,60.0, 3823 
Slottsstaden,2800000, 35443 ,3.0,79.0, 4578 
Fågelbacken,1720000, 26875 ,2.0,64.0, 4040 
Rörsjöstaden,1625000, 39634 ,1.5,41.0, 2583 
Ribersborg,2250000, 44057 ,2.0,51.1, 3081 
Slussen,2820000, 28200 ,4.0,100.0, 5658 
Dammfri,1800000, 32432 ,2.0,55.5, 2424 
Drottningtorget,4770000, 45865 ,4.0,104.0, 7109 
Pildammarna,2200000, 37931 ,2.0,58.0, 3560 
Västra Hamnen,2715000, 50278 ,2.0,54.0, 2870 
Slottsstaden/Ribersborg,3900000, 37143 ,4.0,105.0, 6121 
Östra Sorgenfri,1010000, 19804 ,2.0,51.0, 3161 
Rörsjöstaden,3050000, 42958 ,3.0,71.0, 4245 
Håkanstorp,1450000, 21014 ,3.0,69.0, 4906 
Ribersborg,2800000, 37838 ,3.0,74.0, 4567 
Hästhagen,1750000, 38043 ,2.0,46.0, 3457 
Rörsjöstaden,5050000, 42797 ,4.0,118.0, 6600 
Söderkulla,1600000, 15385 ,4.0,104.0, 5348 
Västra Hamnen,4100000, 44565 ,4.0,92.0, 5183 
Västra Hamnen,3675000, 57422 ,2.0,64.0, 3670 
Nobeltorget,1395000, 32217 ,1.5,43.3, 2225 
Rörsjöstaden,2315000, 18669 ,5.0,124.0, 8185 
Västra Sorgenfri,1685000, 33700 ,2.0,50.0, 2132 
Blekingsborg,1450000, 26852 ,2.0,54.0, 3618 
Ribersborg,3070000, 37439 ,3.0,82.0, 4561 
S:t Knut,2250000, 40909 ,2.5,55.0, 3026 
Ellstorp,1440000, 20000 ,3.0,72.0, 4721 
Kirseberg,910000, 17670 ,2.0,51.5, 3875 
Oxie,1525000, 23643 ,2.0,64.5, 4114 
Kulladal,1295000, 20887 ,2.0,62.0, 3444 
Kirseberg,635000, 22281 ,1.0,28.5, 2421 
Dammfri,2950000, 39597 ,3.0,74.5, 3114 
Midhem,1310000, 23145 ,2.5,56.6, 2850 
Oxie,1050000, 12069 ,3.0,87.0, 5934 
Almvik,1475000, 19667 ,3.0,75.0, 5426 
Davidshall/Operan,2600000, 45614 ,2.0,57.0, 3360 
Borgmästaregården,1870000, 25270 ,3.0,74.0, 3938 
Rosengård,795000, 12927 ,2.0,61.5, 4085 
Oxie,1895000,price not specified,4.0,112.0, 4689 
Rosengård,820000, 13333 ,2.0,61.5, 4120 
Lindeborg,2230000, 28408 ,3.0,78.5, 4259 
Gamla Väster,3195000, 53250 ,2.0,60.0, 3089 
Davidshall,3900000, 45882 ,3.0,85.0, 4468 
Västra Hamnen,2995000, 42786 ,3.0,70.0, 4315 
Slottsstaden,2850000, 40714 ,2.0,70.0, 3656 
Rörsjöstaden,3400000, 40476 ,3.0,84.0, 4370 
Dockan,2800000, 56000 ,2.0,50.0, 2941 
Rostorp,1175000, 22860 ,2.0,51.4, 1929 
Rörsjöstaden,4100000, 51250 ,3.0,80.0, 4949 
Västra Hamnen,2220000, 46250 ,2.0,48.0, 2962 
Limhamn,2100000, 63636 ,1.0,33.0, 2588 
Gamla Väster,7100000, 48299 ,5.5,147.0, 7599 
Husie,2125000, 20047 ,4.0,106.0, 5253 
Slottsstaden,3900000, 38614 ,3.0,101.0, 4932 
Segevång,1050000, 19266 ,2.0,54.5, 3524 
Blekingsborg,1420000, 22903 ,2.5,62.0, 3816 
Nobeltorget,1575000, 29717 ,2.0,53.0, 2963 
Hyllie,2795000, 34506 ,3.0,81.0, 4565 
Hyllie,3495000, 31773 ,4.5,110.0, 5818 
Dammfri,2050000, 29286 ,3.0,70.0, 4309 
Slottsstaden,1295000, 44655 ,1.0,29.0, 2443 
Hyllie,1895000, 43068 ,2.0,44.0, 2010 
Söderkulla,1900000, 21348 ,4.0,89.0, 4429 
Nydala,1600000, 17486 ,4.0,91.5, 4972 
Kirseberg,1100000, 19469 ,2.0,56.5, 4124 
Annelund,930000, 17547 ,2.0,53.0, 3979 
Högaholm,660000, 13750 ,1.0,48.0, 3297 
Nobeltorget,1185000, 28902 ,1.5,41.0, 2565 
Persborg/västra Kattarp,1210000, 16242 ,3.0,74.5, 3974 
Västra Hamnen,1050000, 70000 ,1.0,15.0, 984 
Oxie,1300000, 15476 ,3.0,84.0, 5516 
S:t Knut,2650000, 34416 ,3.5,77.0, 4552 
Söderkulla,1700000, 18994 ,3.5,89.5, 5457 
Håkanstorp,1295000, 18500 ,3.0,70.0, 4018 
Östra Sorgenfri,1450000, 24167 ,2.0,60.0, 3961 
Almhög,715000, 12328 ,2.0,58.0, 3896 
Röda Höja,2395000, 22488 ,4.0,106.5, 4886 
S:t Knut,3680000, 43294 ,3.5,85.0, 3730 
Gamla Väster,5500000, 69620 ,3.0,79.0, 3915 
Dockan,3500000, 44304 ,3.0,79.0, 4080 
Dalaplan,1100000, 29412 ,2.0,37.4, 1764 
Limhamns Sjöstad,3270000, 43026 ,3.0,76.0, 4430 
Ribersborg,3800000, 39175 ,3.0,97.0, 6145 
Södertorp,1300000, 20000 ,2.0,65.0, 3769 
City,4000000, 34483 ,4.0,116.0, 6316 
Ribersborg,2225000, 35887 ,2.0,62.0, 3558 
Drottningtorget,3410000, 39836 ,3.0,85.6, 5136 
Östervärn,1095000, 32206 ,1.0,34.0, 2571 
Triangeln,1975000, 59848 ,1.0,33.0, 1833 
Limhamn,1595000, 41974 ,1.0,38.0, 2321 
Dalaplan,1450000, 26221 ,2.0,55.3, 2678 
Ribersborg,2050000, 29710 ,2.0,69.0, 3456 
Rörsjöstaden,1995000, 32705 ,2.0,61.0, 3231 
Segevång,1450000, 16860 ,4.0,86.0, 4462 
Slottsstaden,3510000, 46800 ,3.0,75.0, 4484 
Oxie,1000000, 14085 ,2.0,71.0, 4618 
Dammfri,2650000, 35570 ,3.0,74.5, 3114 
Drottningtorget,2545000, 30663 ,2.5,83.0, 4757 
Värnhem,1975000, 27817 ,2.0,71.0, 4273 
S:t Knut / Möllevången,2910000, 42174 ,2.5,69.0, 3628 
Dammfri,1950000, 35780 ,2.0,54.5, 2799 
Östervärn,1950000, 34211 ,3.0,57.0, 3564 
Oxie,1600000, 20779 ,3.0,77.0, 4693 
Almhög,1285000, 18489 ,3.0,69.5, 4255 
Limhamn - Ön,2095000, 30809 ,2.0,68.0, 4435 
Möllevången,1195000, 29875 ,1.5,40.0, 2568 
Dockan,4075000, 63672 ,2.0,64.0, 3867 
City,4100000, 41206 ,3.0,99.5, 5448 
Slottsstaden,2195000, 34841 ,2.0,63.0, 3334 
Slottsstaden,1975000, 47024 ,2.0,42.0, 2651 
Norra Sorgenfri,2870000, 38267 ,3.0,75.0, 4245 
Dockan,1700000, 51515 ,1.0,33.0, 2523 
Högaholm,1200000, 14724 ,3.0,81.5, 3732 
Limhamn,1675000, 27917 ,2.0,60.0, 4036 
Gamla Väster,4395000, 51706 ,3.0,85.0, 4581 
Nobeltorget,1195000, 26854 ,1.5,44.5, 2630 
Östra Sorgenfri/nobel,1500000, 23885 ,2.0,62.8, 4137 
S:t Knut,1545000, 37683 ,1.5,41.0, 2335 
Eriksfält,755000, 26125 ,1.0,28.9, 1624 
Dockan,2050000, 44565 ,2.0,46.0, 3117 
Dockan,5000000, 57471 ,3.0,87.0, 4692 
Dockan,1950000, 42391 ,2.0,46.0, 3117 
Kulladal,3600000,price not specified,5.0,105.0, 4895 
Västra Hamnen,2295000, 45446 ,2.0,50.5, 2777 
Slottstaden,2875000, 54245 ,2.0,53.0, 2889 
Dalaplan,1370000, 27959 ,2.0,49.0, 2580 
Möllevången,2520000, 33158 ,3.0,76.0, 3773 
Håkanstorp,875000, 21875 ,1.0,40.0, 2075 
Rörsjöstaden,1450000, 40730 ,1.0,35.6, 2081 
Limhamns Sjöstad,2225000, 42788 ,2.0,52.0, 3052 
Ellstorp,1310000, 25686 ,2.0,51.0, 3740 
Söderkulla,1430000, 16158 ,3.0,88.5, 4695 
Segevång,1355000, 18951 ,3.0,71.5, 4086 
Lorensborg,1950000, 22159 ,3.0,88.0, 4029 
Rosengård,980000, 12250 ,3.0,80.0, 5320 
Högaholm,860000, 13438 ,2.0,64.0, 4421 
Triangeln,750000, 34091 ,1.0,22.0, 1620 
Pildammarna,2295000, 26686 ,3.0,86.0, 5664 
Borgmästaregården,1890000, 29531 ,2.0,64.0, 3889 
Almhög,1175000, 16906 ,3.0,69.5, 4320 
Västra Kattarp/Hindby,915000, 16636 ,2.0,55.0, 3693 
Västra Sorgenfri,1475000, 28922 ,1.5,51.0, 2985 
Höja,1635000, 21513 ,3.0,76.0, 2617 
Limhamn,1950000, 35455 ,2.0,55.0, 3238 
Ribersborg,3500000, 47297 ,2.0,74.0, 4207 
Ellstorp,1100000, 27500 ,2.0,40.0, 3306 
Nobeltorget,1250000, 31969 ,1.0,39.1, 2032 
Slottsstaden,2500000, 41667 ,2.0,60.0, 3260 
Rosengård,940000, 11190 ,3.0,84.0, 5633 
City,2875000, 54245 ,2.0,53.0, 3433 
Folkets Park,2850000, 39583 ,2.0,72.0, 3524 
Högaholm,1750000, 17588 ,4.0,99.5, 4303 
Hyllie,2720000, 38310 ,3.0,71.0, 3680 
Sorgenfri,1260000, 30000 ,2.0,42.0, 2867 
Erikslust,2460000, 32800 ,3.0,75.0, 5256 
Erikslust,2100000, 35593 ,2.0,59.0, 3431 
Kryddgården / Rosengård,825000, 9821 ,4.0,84.0, 6504 
Dammfri,2250000, 37500 ,2.0,60.0, 3096 
Dockan,3795000, 45179 ,3.0,84.0, 3122 
Rörsjöstaden,1700000, 33663 ,2.0,50.5, 3012 
Vita Höja,1570000, 18471 ,3.0,85.0, 4822 
Ellstorp,760000, 30400 ,1.0,25.0, 1956 
Almvik,1550000, 17033 ,4.0,91.0, 5662 
Triangeln,2340000, 37742 ,2.5,62.0, 3229 
Slottsstaden/Erikslust,3375000, 41667 ,3.0,81.0, 5400 
Folkets Park,1995000, 39900 ,2.0,50.0, 2799 
Limhamn,1595000, 26583 ,2.0,60.0, 4035 
Blekingsborg,895000, 24189 ,1.0,37.0, 2599 
S:t Knut,1750000, 38462 ,1.5,45.5, 2066 
Lindeborg,3000000,price not specified,4.0,120.0, 5997 
Slottsstaden,1920000, 35556 ,2.0,54.0, 4193 
Limhamn,2605000, 25792 ,4.0,101.0, 6681 
S:t Knut,1100000, 37288 ,1.0,29.5, 1746 
Rörsjöstaden,4060000, 36025 ,4.0,112.7, 5648 
Rörsjöstaden,2795000, 45081 ,2.0,62.0, 1834 
Dockan,1565000, 47424 ,1.0,33.0, 2301 
Söderkulla,1380000, 23000 ,2.0,60.0, 3022 
Möllevången,3100000, 32632 ,3.0,95.0, 5526 
Rörsjöstaden,4995000, 40943 ,4.5,122.0, 5517 
Västra Hamnen,3695000, 48618 ,3.0,76.0, 4776 
Gyllins Trädgård,2800000, 30435 ,3.0,92.0, 4959 
Slussen,2760000, 41818 ,2.0,66.0, 3728 
Ribersborg,2510000, 40484 ,2.0,62.0, 3419 
Friluftsstaden,5175000, 54188 ,4.0,95.5, 4949 
Norra Sofielund,1395000, 27900 ,2.0,50.0, 3112 
Västra Hamnen,3775000, 53395 ,4.0,70.7, 5605 
Södervärn,1345000, 23190 ,2.0,58.0, 3449 
Pildammarna,2100000, 27273 ,3.5,77.0, 5602 
Klagshamn,1750000, 31818 ,2.0,55.0, 3624 
Klagshamn,2450000, 30625 ,3.0,80.0, 4569 
Kirseberg,1600000, 26981 ,2.5,59.3, 2290 
Möllevången,2300000, 25275 ,4.5,91.0, 5721 
Kirseberg,795000, 22083 ,2.0,36.0, 2987 
Bulltofta,2210000, 31571 ,3.0,70.0, 4329 
Västra Hamnen,2695000, 48125 ,2.0,56.0, 3095 
Gamla Väster,4800000, 44037 ,3.0,109.0, 4761 
Östra Sorgenfri,795000, 17283 ,1.0,46.0, 3149 
Rörsjöstaden,2870000, 38216 ,3.0,75.1, 3897 
Ribersborg,2595000, 38162 ,2.0,68.0, 3972 
Nydala,1350000, 17647 ,3.0,76.5, 4366 
Triangeln,3200000, 48485 ,2.0,66.0, 3802 
Limhamn,1700000, 33010 ,2.0,51.5, 3490 
Triangeln,2195000, 34841 ,2.0,63.0, 3219 
Gamla Väster,4595000, 44183 ,3.0,104.0, 5507 
Hästhagen,5350000, 48198 ,4.0,111.0, 5318 
Norra Sorgenfri,1995000, 39118 ,2.0,51.0, 2994 
Drottningtorget,3200000, 34783 ,4.0,92.0, 6136 
Söderkulla,1280000, 14884 ,3.0,86.0, 4413 
Borgmästargården,1780000, 27385 ,2.0,65.0, 3858 
Limhamn,1530000, 30237 ,2.0,50.6, 2807 
Rosengård,940000, 11824 ,3.0,79.5, 5292 
Möllevången,2395000, 32808 ,2.5,73.0, 4421 
Pildammarna,3710000, 40769 ,3.5,91.0, 5451 
Ribersborg,4350000, 33721 ,4.0,129.0, 6825 
Limhamn,3380000,price not specified,4.0,104.5, 4993 
Dockan,6995000, 55960 ,5.0,125.0, 6159 
Västra Sorgenfri,1550000, 35227 ,2.0,44.0, 3529 
Östra Sorgenfri,1600000, 21622 ,3.0,74.0, 4762 
Möllevången,2095000, 43646 ,2.0,48.0, 2803 
Fågelbacken,1795000, 30424 ,2.0,59.0, 4004 
Högaholm,1150000, 11856 ,3.0,97.0, 5985 
S:t Knut,1840000, 40889 ,2.0,45.0, 3174 
Hyllie,1605000, 45857 ,2.0,35.0, 2150 
Kirseberg,1160000, 22745 ,2.0,51.0, 2483 
Ribersborg,2820000, 51273 ,2.0,55.0, 3887 
Lorensborg,1865000, 22883 ,3.0,81.5, 4173 
Limhamns Sjöstad,2150000, 43000 ,2.0,50.0, 2991 
Fågelbacken,2700000, 31395 ,3.0,86.0, 4976 
Lönngården,915000, 19063 ,1.5,48.0, 2664 
Västra Hamnen,1650000, 63462 ,1.0,26.0, 1606 
Limhamn,2000000, 35088 ,2.0,57.0, 3374 
Husie,2200000, 20755 ,4.0,106.0, 5253 
Gamla staden,5100000, 53684 ,3.0,95.0, 4305 
Bulltofta,2350000, 32192 ,3.0,73.0, 4669 
Ribersborg,5350000, 55155 ,4.0,97.0, 3723 
Limhamn,2100000, 35593 ,3.0,59.0, 4095 
Gamla Väster,5100000, 30539 ,4.0,167.0, 10180 
Söderkulla,1750000, 19553 ,3.0,89.5, 5457 
Möllevången/Folkets Park,1995000, 31667 ,2.0,63.0, 3083 
Dammfri,1855000, 33423 ,2.0,55.5, 2424 
Dockan,5200000, 47016 ,3.0,110.6, 6300 
Ellstorp,1125000, 30405 ,1.0,37.0, 2440 
Nydala,900000, 15000 ,2.0,60.0, 3703 
Gula Höja,1495000, 18571 ,3.0,80.5, 3222 
Slottsstaden,1950000, 34821 ,2.0,56.0, 3297 
Ribersborg,3050000, 43571 ,2.0,70.0, 2957 
Hästhagen,2970000, 38571 ,3.0,77.0, 4706 
Borgmästaregården,1400000, 34568 ,2.0,40.5, 2515 
Pildammsparken,4500000, 42453 ,3.5,106.0, 5983 
Högaholm,900000, 20000 ,2.0,45.0, 2910 
Bunkeflostrand,2000000, 24301 ,3.0,82.3, 5518 
Limhamn,1495000, 26696 ,2.0,56.0, 3588 
Limhamn,2000000, 26667 ,3.0,75.0, 4518 
Blekingsborg,1770000, 23444 ,3.0,75.5, 4614 
Erikslust,2070000, 32093 ,3.0,64.5, 3648 
Nobeltorget,980000, 22529 ,2.0,43.5, 2684 
Almhög,1130000, 14868 ,3.0,76.0, 4994 
Erikslust,3850000, 35321 ,5.0,109.0, 6280 
Dammfri,3450000, 29870 ,4.0,115.5, 4558 
Rörsjöstaden,2150000, 37719 ,2.0,57.0, 2938 
Rörsjöstaden,1950000, 48148 ,2.0,40.5, 1610 
Bulltofta Friluftsstad,2710000, 31512 ,4.0,86.0, 5328 
Rörsjöstaden,1400000, 29787 ,1.0,47.0, 3159 
Erikslust,2200000, 33333 ,3.0,66.0, 3716 
Ellstorp,1260000, 23333 ,2.0,54.0, 3977 
Sorgenfri,1350000, 25962 ,2.0,52.0, 3537 
Rådmansvången,2000000, 35088 ,2.0,57.0, 3601 
Apelgården,895000, 10982 ,3.0,81.5, 5216 
Ellstorp,1195000, 23431 ,2.0,51.0, 3740 
Sorgenfri,1275000, 24757 ,2.0,51.5, 2965 
Almvik,1810000, 18660 ,4.0,97.0, 5341 
Folkets Park,1425000, 35985 ,1.5,39.6, 1953 
S:t Knut,1950000, 38235 ,2.5,51.0, 2830 
Gamla Väster,3650000, 43452 ,2.5,84.0, 5334 
Solängen - Toftängen - Husie,1950000, 21081 ,3.0,92.5, 5695 
Limhamn,2800000, 42424 ,3.0,66.0, 3838 
Drottningtorget,2410000, 32133 ,3.0,75.0, 4412 
Slussen,1910000, 25986 ,3.0,73.5, 4822 
Dockan,4600000, 50218 ,3.0,91.6, 5276 
City,2100000, 44681 ,2.0,47.0, 3058 
Segevång,1350000, 20611 ,3.0,65.5, 3657 
Pildammarna,3400000, 37363 ,3.5,91.0, 5249 
Västra Hamnen,3350000, 41875 ,3.0,80.0, 4884 
Lönngården,1095000, 17381 ,2.5,63.0, 3665 
Lugnet,2330000, 31918 ,3.0,73.0, 5445 
Ribersborg,2375000, 43182 ,2.0,55.0, 3175 
Limhamn,1700000, 32692 ,2.0,52.0, 3612 
Södertorp,2800000, 26415 ,4.0,106.0, 6244 
Fågelbacken,2450000, 49000 ,2.0,50.0, 2389 
Ribersborg,3495000, 39270 ,3.0,89.0, 4883 
Kirseberg,850000, 29310 ,1.0,29.0, 2449 
Gamla Väster,4895000, 49444 ,3.0,99.0, 5522 
Värnhem,1695000, 22600 ,3.5,75.0, 4917 
Fosiedal,1040000, 13684 ,3.0,76.0, 4178 
Limhamn,1595000, 35444 ,1.5,45.0, 2330 
City,3700000, 61157 ,2.0,60.5, 2840 
Hyllie,2695000, 34551 ,3.0,78.0, 3613 
Slottsstaden,2000000, 37736 ,2.0,53.0, 3009 
Triangeln,2400000, 45283 ,2.0,53.0, 2716 
S:t Knut,2900000, 47040 ,2.5,61.7, 2730 
Nobeltorget,1950000, 28220 ,2.5,69.1, 3455 
Dockan,3300000, 45205 ,3.0,73.0, 4213 
Slussen,2110000, 31729 ,2.0,66.5, 4386 
Slottsstaden,2550000, 34000 ,3.0,75.0, 5256 
Kulladal,1470000, 16994 ,3.0,86.5, 4886 
Kirseberg,1080000, 18462 ,2.0,58.5, 3214 
Fågelbacken,2300000, 46000 ,2.0,50.0, 2389 
Västra Hamnen,2800000, 43077 ,3.0,65.0, 3439 
Persborg/västra Kattarp,820000, 14513 ,2.0,56.5, 3775 
Ribersborg,5200000, 56216 ,3.0,92.5, 4628 
Vita Höja,1550000, 18235 ,3.0,85.0, 4790 
Limhamn,1700000, 30357 ,2.0,56.0, 3729 
Lorensborg,1595000, 23630 ,3.0,67.5, 3616 
Västra Sorgenfri,1625000, 32500 ,2.0,50.0, 3111 
Triangeln,1700000, 38636 ,2.0,44.0, 2648 
Dammfri,1900000, 34545 ,2.0,55.0, 3092 
Drottningtorget,1900000, 37255 ,2.0,51.0, 3486 
Friluftsstaden,4600000,price not specified,4.0,96.0, 6080 
Ribersborg,1900000, 39583 ,2.0,48.0, 2771 
Nobeltorget,1150000, 28750 ,1.0,40.0, 2395 
Dockan,6000000, 68966 ,3.0,87.0, 4609 
Husie,1700000, 22078 ,4.0,77.0, 3673 
City,3995000, 34739 ,4.0,115.0, 4983 
Ribersborg,3295000, 46408 ,3.0,71.0, 3348 
Slottsstaden,2700000, 36735 ,3.0,73.5, 3787 
Nobeltorget,970000, 40417 ,1.0,24.0, 1393 
Västra Sorgenfri,1700000, 31481 ,2.0,54.0, 3504 
Bunkeflostrand,2775000, 32647 ,4.0,85.0, 4769 
Rörsjöstaden,1075000, 37069 ,1.0,29.0, 2427 
Gula Höja,1750000, 21739 ,3.0,80.5, 4528 
Västra Sorgenfri,1295000, 30833 ,2.0,42.0, 3369 
Västra Sorgenfri,1395000, 31348 ,2.0,44.5, 2507 
Västra Hamnen,2050000, 62121 ,1.5,33.0, 2267 
S:t Knut,3025000, 42014 ,2.5,72.0, 3594 
Limhamns Sjöstad,4020000, 43696 ,4.0,92.0, 5019 
Dalaplan,1420000, 28400 ,2.0,50.0, 2588 
S:t Knut,3350000, 47857 ,3.0,70.0, 3817 
Limhamn,1500000, 25862 ,2.0,58.0, 4461 
Ellstorp,1315000, 24352 ,2.0,54.0, 2873 
Husie,1495000, 28208 ,2.0,53.0, 3383 
Midhem,1110000, 19611 ,2.5,56.6, 2850 
Husie,1475000, 23413 ,3.0,63.0, 6047 
Dalaplan,1320000, 26939 ,2.0,49.0, 2229 
Pildammarna,2250000, 33988 ,2.0,66.2, 2948 
Östra Sorgenfri,1425000, 23750 ,2.0,60.0, 3961 
Rörsjöstaden,1830000, 25417 ,2.5,72.0, 4993 
Ribersborg,2850000, 37013 ,3.0,77.0, 4567 
Rosengård,900000, 11321 ,3.0,79.5, 5292 
Gamla Väster,2700000, 54545 ,2.0,49.5, 2896 
Blekingsborg,1550000, 28704 ,2.0,54.0, 3548 
Slussen,2400000, 37500 ,2.0,64.0, 3630 
Ribersborg,3550000, 44375 ,3.0,80.0, 4215 
Folkets Park,2895000, 38092 ,2.5,76.0, 4515 
Lindeborg,860000, 31852 ,1.0,27.0, 1644 
Nobeltorget,1400000, 24561 ,2.5,57.0, 3475 
Slussen,1715000, 27008 ,2.0,63.5, 4213 
Rörsjöstaden,3130000, 37262 ,3.5,84.0, 4600 
Slottsstaden,3800000, 37624 ,3.0,101.0, 5356 
Lugnet,3000000, 32787 ,3.0,91.5, 5580 
Limhamns Sjöstad,2800000, 44800 ,2.0,62.5, 2546 
Kulladal,1800000, 21429 ,3.0,84.0, 4622 
Lorensborg,1920000, 25430 ,3.0,75.5, 3543 
Ribersborg,2700000, 49091 ,2.0,55.0, 4027 
Slussen,2000000, 30075 ,2.0,66.5, 4386 
Ribersborg,2925000, 45000 ,2.0,65.0, 3552 
Västra Kattarp/Hindby,925000, 16372 ,2.0,56.5, 3718 
Lönngården,1020000, 19245 ,2.0,53.0, 3214 
Segevång,1080000, 19817 ,2.0,54.5, 3071 
Nobel,1200000, 23529 ,2.0,51.0, 3730 
Limhamns Sjöstad,2300000, 38983 ,2.0,59.0, 3228 
Gamla Väster,4700000, 53409 ,4.5,88.0, 4727 
Ellstorp,1190000, 25319 ,2.0,47.0, 3570 
Hyllie,1425000, 40714 ,1.5,35.0, 2087 
Ribersborg,2475000, 35357 ,3.0,70.0, 3121 
Dockan,2595000, 48056 ,2.0,54.0, 3270 
Limhamn,1685000, 33499 ,2.0,50.3, 3712 
Ribersborg,3700000, 37000 ,4.0,100.0, 5405 
Hyllie,3400000, 39080 ,4.0,87.0, 4548 
Hyllie,1775000, 46711 ,2.0,38.0, 2799 
Sorgenfri,2100000, 28767 ,3.0,73.0, 4035 
Slottstaden,2550000, 34228 ,3.0,74.5, 4213 
Ribersborg,3295000, 44527 ,3.0,74.0, 4441 
Gamla Väster,2595000, 49904 ,2.0,52.0, 2713 
Ribersborg,4200000, 43299 ,3.0,97.0, 4825 
Nobeltorget,1400000, 32407 ,1.5,43.2, 2296 
Nobeltorget,1385000, 33780 ,2.0,41.0, 2683 
Västra Hamnen,2300000, 46939 ,2.0,49.0, 2826 
Söderkulla,1300000, 14525 ,3.0,89.5, 5416 
Kvarnby,1850000,price not specified,2.0,69.0, 5745 
Dockan,4695000, 46029 ,4.0,102.0, 5279 
Limhamn,3595000,price not specified,4.0,102.0, 4465 
Limhamn,2450000, 27222 ,4.0,90.0, 6441 
Lindeborg,1250000, 28736 ,2.0,43.5, 2628 
Slottsstaden,3495000, 42622 ,2.0,82.0, 4622 
Annestad,1760000, 25143 ,3.0,70.0, 5688 
Dalaplan,895000, 22658 ,1.0,39.5, 2408 
Kirseberg,995000, 17768 ,2.0,56.0, 4108 
Triangeln,1320000, 28696 ,1.5,46.0, 3388 
Midhem,1150000, 19492 ,2.0,59.0, 3268 
S:t Knut,2895000, 32167 ,3.0,90.0, 6224 
Rörsjöstaden,5050000, 43162 ,3.5,117.0, 5453 
Lorensborg/Dammfri,2850000, 31148 ,4.0,91.5, 4291 
Södertorp,2200000, 25000 ,3.0,88.0, 5271 
Västra Hamnen,4100000, 43158 ,3.0,95.0, 5222 
Nobeltorget,1150000, 22115 ,2.0,52.0, 3950 
Ribersborg,2650000, 42742 ,2.0,62.0, 3355 
Slottsstaden,2900000, 40845 ,3.0,71.0, 4490 
Gröndal,2000000, 24096 ,3.0,83.0, 4397 
City,8150000, 36878 ,6.0,221.0, 9201 
Ribersborg,2650000, 41406 ,2.0,64.0, 3557 
Annelund,1195000, 19917 ,2.0,60.0, 4187 
Almvik,1430000, 17875 ,3.0,80.0, 5023 
Husie,2360000, 25514 ,3.0,92.5, 4765 
Söderkulla,1400000, 15642 ,3.0,89.5, 5416 
Dammfri,1075000, 45745 ,1.0,23.5, 1994 
Rörsjöparken,1360000, 27755 ,1.0,49.0, 2978 
Triangeln,2600000, 31138 ,3.0,83.5, 5026 
Västra Hamnen,11995000, 66271 ,5.0,181.0, 9090 
Ribersborg,1510000, 44412 ,1.0,34.0, 2527 
Kroksbäck,1350000, 15789 ,3.0,85.5, 4467 
Slussen,2095000, 28699 ,3.0,73.0, 4439 
Borgmästaregården,2200000, 28947 ,3.0,76.0, 4290 
Rörsjöstaden,2700000, 31034 ,3.0,87.0, 4768 
Rörsjöstaden,3300000, 40741 ,2.0,81.0, 4210 
Segevång,795000, 20921 ,1.0,38.0, 2569 
Rörsjöstaden,1895000, 35354 ,2.0,53.6, 3678 
Limhamn,1725000, 28750 ,2.0,60.0, 2758 
Lindeborg,1950000, 24684 ,3.0,79.0, 4278 
Pildammarna,1875000, 35377 ,2.0,53.0, 3973 
Kulladal,1695000, 21056 ,3.0,80.5, 4443 
Ribersborg,1750000, 46053 ,1.0,38.0, 2814 
Dockan,6000000, 59406 ,3.0,101.0, 5753 
Söderkulla,1500000, 17647 ,3.0,85.0, 4105 
Ribersborg,2450000, 41525 ,2.0,59.0, 3870 
Fosiedal,1100000, 17323 ,2.0,63.5, 3757 
Rörsjöstaden,2320000, 51556 ,2.0,45.0, 1793 
Folkets Park,2300000, 30997 ,2.5,74.2, 4304 
Ellstorp,885000, 25286 ,1.0,35.0, 2410 
Folkets Park,4100000, 37273 ,6.0,110.0, 5275 
Dockan,4695000, 49947 ,3.0,94.0, 4873 
Gula Höja,1900000, 23750 ,3.0,80.0, 4498 
Dockan,3950000, 65833 ,2.0,60.0, 2231 
Folkets park,995000, 41458 ,1.0,24.0, 2221 
Pildammarna,1035000, 36964 ,1.5,28.0, 1619 
Lindeborg,1400000, 22581 ,2.0,62.0, 3509 
Kroksbäck,1120000, 17500 ,2.0,64.0, 3515 
Drottningtorget,3275000, 32108 ,4.0,102.0, 6973 
Västra Hamnen,2300000, 52273 ,2.0,44.0, 2525 
City,3730000, 60161 ,2.0,62.0, 3515 
Limhamn,3275000, 35215 ,4.0,93.0, 4908 
Triangeln,1250000, 41946 ,1.0,29.8, 1621 
Malmö Live,5595000, 53798 ,3.0,104.0, 5089 
Sorgenfri,1795000, 37710 ,2.0,47.6, 1836 
Lindeborg,1260000, 20323 ,2.0,62.0, 3496 
Slottsstaden,2600000, 34211 ,3.0,76.0, 4288 
Värnhem,1750000, 23973 ,3.0,73.0, 5222 
Högaholm,1260000, 15460 ,3.0,81.5, 4141 
Slottsstaden,2500000, 32468 ,3.0,77.0, 4776 
Nobeltorget,1850000, 26619 ,2.0,69.5, 4194 
Hyllie,3300000, 33000 ,4.0,100.0, 5764 
Hyllie,3495000, 31773 ,4.5,110.0, 5818 
Västra Hamnen,2220000, 57364 ,2.0,38.7, 3069 
Nobeltorget,995000, 32097 ,1.0,31.0, 2204 
Västra Hamnen,3550000, 44375 ,3.0,80.0, 4726 
Rörsjöstaden,900000, 45000 ,1.0,20.0, 1677 
Dockan,1995000, 55417 ,1.0,36.0, 1684 
Ribersborg,4225000, 47472 ,3.0,89.0, 4840 
Kirseberg,1120000, 21961 ,2.0,51.0, 2511 
Dammfri,2200000, 37607 ,2.0,58.5, 3030 
Davidshall/Malmö Opera,6100000, 46212 ,5.0,132.0, 6186 
Möllevången,3100000, 35429 ,3.5,87.5, 5237 
Folkets Park,1250000, 28409 ,2.0,44.0, 2262 
Vita Höja,1690000, 19882 ,3.0,85.0, 4841 
Hyllie,2895000, 30798 ,4.0,94.0, 5082 
Nobeltorget,1320000, 27500 ,2.0,48.0, 3603 
Midhem,1400000, 27451 ,2.0,51.0, 2394 
Triangeln,2900000, 51786 ,2.0,56.0, 3192 
Limhamns Sjöstad,3250000, 43333 ,3.0,75.0, 4250 
Limhamn,2700000, 48214 ,2.0,56.0, 1575 
Drottningtorget,3695000, 38490 ,3.0,96.0, 5821 
Rörsjöstaden,2580000, 46739 ,2.0,55.2, 3133 
Dockan,3800000, 51351 ,3.0,74.0, 4128 
Östra Sorgenfri/nobel,1420000, 21353 ,3.0,66.5, 3663 
Östra Sorgenfri,1220000, 23922 ,2.0,51.0, 2916 
Kroksbäck,1030000, 16094 ,2.0,64.0, 3617 
City,2950000, 55660 ,2.0,53.0, 3472 
Västra Hamnen,1695000, 47746 ,1.5,35.5, 2178 
Malmö,2210000, 37143 ,2.0,59.5, 3645 
Triangeln,2375000, 29321 ,3.0,81.0, 5125 
Gula Höja,1440000, 18000 ,3.0,80.0, 3222 
Ribersborg,2995000, 42183 ,2.5,71.0, 4256 
Nobeltorget,1100000, 26570 ,1.0,41.4, 2692 
Gyllins Trädgård,3400000,price not specified,5.0,122.0, 5488 
Bunkeflostrand,1520000, 21714 ,3.0,70.0, 5616 
Hyllie,1705403, 50159 ,1.5,34.0, 2461 
Östra Sorgenfri,1195000, 19917 ,2.0,60.0, 3905 
Ellstorp,1140000, 21509 ,2.0,53.0, 2881 
Dammfri,1195000, 45785 ,1.0,26.1, 2050 
Hyllie,2150000, 36441 ,2.0,59.0, 3402 
Dockan,5750000, 59896 ,4.0,96.0, 5013 
Lugnet,3300000, 29730 ,4.0,111.0, 4954 
S:t Knut,1425000, 41912 ,1.0,34.0, 2767 
Limhamn - Ön,5400000, 54545 ,4.0,99.0, 5112 
Fågelbacken,1295000, 35972 ,1.0,36.0, 2882 
Slussen,2175000, 36250 ,2.0,60.0, 3151 
Slottsstaden,1825000, 33796 ,2.0,54.0, 3505 
Nobeltorget,1050000, 19811 ,2.0,53.0, 3813 
Persborg/västra Kattarp,640000, 17067 ,1.0,37.5, 2263 
Lindeborg,1930000, 24586 ,3.0,78.5, 4245 
S:t Knut,2570000, 33377 ,3.0,77.0, 4140 
Nydala,1400000, 17722 ,3.0,79.0, 4252 
Pildammarna,1715000, 32358 ,2.0,53.0, 2989 
Röda Höja,2400000, 22535 ,4.0,106.5, 
Hästhagen,2400000, 48000 ,2.0,50.0, 2389 
Slottsstaden,1870000, 38958 ,1.0,48.0, 3219 
Möllevången,3230000, 34000 ,3.5,95.0, 5517 
Kirseberg,870000, 15000 ,2.0,58.0, 4564 
Davidshall/Malmö Opera,2295000, 43302 ,2.0,53.0, 4171 
Västra Hamnen,2265000, 58077 ,1.5,39.0, 2544 
Husie,1950000, 18932 ,4.0,103.0, 7661 
Nobeltorget,1200000, 21818 ,2.0,55.0, 4204 
Ellstorp,940000, 26857 ,1.5,35.0, 2630 
Folkets Park,1800000, 40909 ,2.0,44.0, 2463 
Lindeborg,1350000, 22881 ,2.0,59.0, 5527 
Almhög,850000, 15741 ,2.0,54.0, 3398 
Söderkulla,1720000, 19218 ,4.0,89.5, 5457 
Ribersborg,3425000, 43910 ,3.0,78.0, 4593 
Erikslust,2100000, 31818 ,3.0,66.0, 3716 
Högaholm,1099000, 17584 ,2.0,62.5, 3350 
Borgmästaregården,1995000, 31172 ,2.0,64.0, 3717 
Slottsstaden,2010000, 40200 ,2.0,50.0, 3134 
Ribersborg,3400000, 46575 ,3.0,73.0, 4552 
Fosiedal,1210000, 15921 ,3.0,76.0, 4399 
Lindeborg,1750000, 22293 ,3.0,78.5, 4165 
Västra Sorgenfri,1900000, 38000 ,2.0,50.0, 3267 
Erikslust,2595000, 33701 ,3.0,77.0, 4332 
Högaholm,885000, 13828 ,2.0,64.0, 4421 
Kroksbäck,1230000, 19219 ,2.0,64.0, 3617 
Ribersborg,3300000, 41250 ,4.0,80.0, 4133 
Slottsstaden/Erikslust,2325000, 31000 ,3.0,75.0, 5204 
Slussen,1600000, 32653 ,2.0,49.0, 2711 
Triangeln,2800000, 42424 ,2.0,66.0, 3802 
Erikslust,1395000, 31000 ,1.0,45.0, 2691 
Dammfri,1075000, 32576 ,1.0,33.0, 2031 
Slottsstaden,1795000, 33551 ,2.0,53.5, 3918 
Drottningtorget,2205000, 42404 ,2.0,52.0, 2522 
Västra Hamnen,2560000, 48302 ,2.0,53.0, 3048 
Ellstorp,1095000, 31286 ,2.0,35.0, 2434 
Slussen,2050000, 34167 ,2.0,60.0, 2372 
Ön,3550000, 38378 ,3.0,92.5, 4095 
Gula Höja,780000, 18353 ,1.0,42.5, 1898 
Gamla Väster,2995000, 54455 ,2.0,55.0, 3706 
Drottningtorget,2875000, 37829 ,3.0,76.0, 3546 
Almhög,820000, 14138 ,2.0,58.0, 3494 
Bulltofta Friluftsstad,2200000, 31429 ,3.0,70.0, 4469 
Slottsstaden,3100000, 27679 ,4.0,112.0, 6312 
Gamla Väster,3850000, 51333 ,2.5,75.0, 2966 
S:T Knut,2395000, 31513 ,3.0,76.0, 4002 
Västra Hamnen,4200000, 43750 ,4.0,96.0, 5399 
Almhög,1200000, 15385 ,4.0,78.0, 4595 
Folkets Park,1200000, 34286 ,1.5,35.0, 2481 
Ön,2685000, 29185 ,3.0,92.0, 6001 
Limhamn,2900000, 34320 ,2.0,84.5, 4982 
S:t Knut,2800000, 50000 ,2.0,56.0, 1916 
Hyllie,2925000, 38487 ,3.0,76.0, 4592 
Högaholm,855000, 13359 ,2.0,64.0, 4727 
Söderkulla,1310000, 17467 ,3.0,75.0, 3917 
Ribersborg,2600000, 42623 ,2.0,61.0, 3394 
Slussen,2500000, 27473 ,3.0,91.0, 5939 
Limhamn,1375000, 39286 ,1.0,35.0, 2692 
Almhög,1065000, 14013 ,3.0,76.0, 4477 
Triangeln,1995000, 20152 ,4.0,99.0, 6716 
Lönngården,1250000, 23585 ,3.0,53.0, 3028 
S:t Knut,1595000, 41974 ,2.0,38.0, 2437 
S:t Knut,4100000, 32283 ,4.0,127.0, 5555 
Nobeltorget,675000, 29095 ,1.0,23.2, 2428 
Bunkeflostrand,2050000, 24848 ,3.0,82.5, 5432 
Rosengård,850000, 14286 ,2.0,59.5, 4060 
Limhamns Sjöstad,3495000, 39716 ,3.0,88.0, 4491 
Kirseberg,1710000, 23425 ,3.0,73.0, 4742 
Rörsjöstaden,3125000, 40584 ,2.0,77.0, 4044 
Bunkeflostrand,2000000, 24301 ,3.0,82.3, 5518 
Rörsjöstaden,2175000, 38839 ,2.0,56.0, 3043 
